_id,OBJECTID,PROJ_NUM,LAST_UPDATED_DATE,PROJECT,LOCATION,DETAILS,DURATION/ Construction Timeline,STATUS,INV_PRIORITY,OWNER,CONTACT_NAME,CONTACT_EMAIL,INV_WEB_SITE,INV_DISPLAY_PROGRAM,INV_DISPLAY_SYMBOL,START_YEAR,CONTR_NUMBER,geometry
1,170, ,2025-10-14,Local Road Rehabilitation,CARLTON ST&lt;br&gt; From: BOWMAN ST&lt;br&gt; To: RAWLINGS AVE ,"Replacement of partial road pavement structure or entire road pavement structure for either partial lane width, full lane width or full road width. This could include the asphalt and underlying support materials. Repair, improvement or replacement of road drainage, damaged sidewalk, boulevards and curbs. Work may include the closure of individual lanes or the entire road.",Q1 2025 - Q3 2025,Active,,Transportation Services,"Jessica Orjuela, Engineering and Construction Services",jorjuel@toronto.ca,https://www.toronto.ca/services-payments/streets-parking-transportation/road-maintenance/road-sidewalk-repair/,TS_Road_Reconstruction,12,2025,EXTERNAL,"{""type"": ""LineString"", ""coordinates"": [[-79.3638396631037, 43.6654072533266], [-79.3632393117332, 43.6655390894353]]}"
2,304, ,2025-09-10,Local Road Rehabilitation,WINONA DR&lt;br&gt; From: [E] GLOUCESTER GRV [BRANCH]&lt;br&gt; To: LANARK AVE ,"Replacement of partial road pavement structure or entire road pavement structure for either partial lane width, full lane width or full road width. This could include the asphalt and underlying support materials. Repair, improvement or replacement of road drainage, damaged sidewalk, boulevards and curbs. Work may include the closure of individual lanes or the entire road.",Q3 2025 - Q4 2025,Active,,Transportation Services,"Cherry Chen, Engineering and Construction Services",cchen9@toronto.ca,https://www.toronto.ca/services-payments/streets-parking-transportation/road-maintenance/road-sidewalk-repair/,TS_Road_Reconstruction,12,2025,EXTERNAL,"{""type"": ""LineString"", ""coordinates"": [[-79.4384007794188, 43.6965537587194], [-79.438721019606, 43.6972723920108]]}"
3,309,TS2023-10_11-435,2025-09-05,Local Road Reconstruction,AUGUSTA AVE&lt;br&gt; From: WALES AVE&lt;br&gt; To: DENISON SQ ,"Replacement of the entire road pavement structure, including the asphalt and underlying support materials. Repair, improvement, or replacement of: road drainage, curbs, boulevards and sidewalks. Work may include the closure of individual lanes or the entire road.  Also, includes the replacement of the City-owned portion of substandard water service connections. The property owner is encouraged to replace the private portion of the substandard water service connection, as well. Also, includes the replacement of the City-owned portion of substandard water service connections. The property owner is encouraged to replace the private portion of the substandard water service connection, as well.",Q2 2027 - Q4 2028,Active,1 - Projects with approved or allocated funding in the Capital Works Program.,Transportation Services,"Steven Bertolo, Engineering and Construction Services",sbertol@toronto.ca,https://www.toronto.ca/services-payments/streets-parking-transportation/road-maintenance/road-sidewalk-repair/,TS_Road_Reconstruction,12,2027,EXTERNAL,"{""type"": ""LineString"", ""coordinates"": [[-79.4015688258877, 43.6533468153691], [-79.4017770621429, 43.6538823519038]]}"
4,329, ,2025-10-31,Local Road Rehabilitation,WALES AVE&lt;br&gt; From: BELLEVUE AVE&lt;br&gt; To: LEONARD AVE ,"Replacement of partial road pavement structure or entire road pavement structure for either partial lane width, full lane width or full road width. This could include the asphalt and underlying support materials. Repair, improvement or replacement of road drainage, damaged sidewalk, boulevards and curbs. Work may include the closure of individual lanes or the entire road.",Q2 2027 - Q4 2028,Active,,Transportation Services,"Steven Bertolo, Engineering and Construction Services",sbertol@toronto.ca,https://www.toronto.ca/services-payments/streets-parking-transportation/road-maintenance/road-sidewalk-repair/,TS_Road_Reconstruction,12,2027,EXTERNAL,"{""type"": ""LineString"", ""coordinates"": [[-79.4029094143391, 43.6530886876627], [-79.403221472379, 43.6530196310293], [-79.4033423418426, 43.6529970309717], [-79.4042150473904, 43.652833895848]]}"
5,427, ,2025-10-31,Laneway Reconstruction,[195.70 m N] DAVENPORT RD&lt;br&gt; From: ST CLARENS AVE&lt;br&gt; To: [36.10 m W] ST CLARENS AVE ,"Replacement of the entire laneway pavement structure, including the asphalt, concrete and underlying support materials. Repair, improvement, or replacement of laneway drainage, curbs, and associated areas. Work may include the closure of individual lanes or the entire laneway. Also, includes the replacement of the City-owned portion of substandard water service connections. The property owner is encouraged to replace the private portion of the substandard water service connection, as well.",Q3 2027 - Q4 2028,Active,1 - Projects with approved or allocated funding in the Capital Works Program.,Transportation Services,"Adriana Gomez, Engineering and Construction Services",AGOMEZ4@toronto.ca,https://www.toronto.ca/services-payments/streets-parking-transportation/road-maintenance/road-sidewalk-repair/,TS_Road_Reconstruction,12,2026,EXTERNAL,"{""type"": ""LineString"", ""coordinates"": [[-79.4481827185954, 43.6734808102383], [-79.4487804363014, 43.6733499753259]]}"
6,492, ,2025-10-14,Local Road Rehabilitation,REGENT ST&lt;br&gt; From: SHUTER ST&lt;br&gt; To: SUTTON AVE ,"Replacement of partial road pavement structure or entire road pavement structure for either partial lane width, full lane width or full road width. This could include the asphalt and underlying support materials. Repair, improvement or replacement of road drainage, damaged sidewalk, boulevards and curbs. Work may include the closure of individual lanes or the entire road.",Q3 2025 - Q4 2026,Active,,Transportation Services,"Marfique Ahmed, Engineering and Construction Services",mahmed2@toronto.ca,https://www.toronto.ca/services-payments/streets-parking-transportation/road-maintenance/road-sidewalk-repair/,TS_Road_Reconstruction,12,2025,EXTERNAL,"{""type"": ""LineString"", ""coordinates"": [[-79.3635196654214, 43.6572869062608], [-79.3636245791047, 43.6575166189766], [-79.3637305759413, 43.6577737410838], [-79.3637847207681, 43.6579141528371]]}"
7,500, ,2025-10-14,Local Road Rehabilitation,CARLTON ST&lt;br&gt; From: WOODSTOCK PL&lt;br&gt; To: BOWMAN ST ,"Replacement of partial road pavement structure or entire road pavement structure for either partial lane width, full lane width or full road width. This could include the asphalt and underlying support materials. Repair, improvement or replacement of road drainage, damaged sidewalk, boulevards and curbs. Work may include the closure of individual lanes or the entire road.",Q1 2025 - Q3 2025,Active,,Transportation Services,"Jessica Orjuela, Engineering and Construction Services",jorjuel@toronto.ca,https://www.toronto.ca/services-payments/streets-parking-transportation/road-maintenance/road-sidewalk-repair/,TS_Road_Reconstruction,12,2025,EXTERNAL,"{""type"": ""LineString"", ""coordinates"": [[-79.3645021590854, 43.6652537495124], [-79.3644791353327, 43.6652587809706], [-79.3644459028372, 43.6652660785571], [-79.3638396631037, 43.6654072533266]]}"
8,501, ,2025-10-14,Local Road Rehabilitation,REGENT ST&lt;br&gt; From: SUTTON AVE&lt;br&gt; To: ST DAVID WALK ,"Replacement of partial road pavement structure or entire road pavement structure for either partial lane width, full lane width or full road width. This could include the asphalt and underlying support materials. Repair, improvement or replacement of road drainage, damaged sidewalk, boulevards and curbs. Work may include the closure of individual lanes or the entire road.",Q3 2025 - Q4 2026,Active,,Transportation Services,"Marfique Ahmed, Engineering and Construction Services",mahmed2@toronto.ca,https://www.toronto.ca/services-payments/streets-parking-transportation/road-maintenance/road-sidewalk-repair/,TS_Road_Reconstruction,12,2025,EXTERNAL,"{""type"": ""LineString"", ""coordinates"": [[-79.3637847207681, 43.6579141528371], [-79.3640219901551, 43.6585296828335]]}"
9,523, ,2025-10-14,Local Road Rehabilitation,CARLTON ST&lt;br&gt; From: METCALFE ST&lt;br&gt; To: DERMOTT PL ,"Replacement of partial road pavement structure or entire road pavement structure for either partial lane width, full lane width or full road width. This could include the asphalt and underlying support materials. Repair, improvement or replacement of road drainage, damaged sidewalk, boulevards and curbs. Work may include the closure of individual lanes or the entire road.",Q1 2025 - Q3 2025,Active,,Transportation Services,"Jessica Orjuela, Engineering and Construction Services",jorjuel@toronto.ca,https://www.toronto.ca/services-payments/streets-parking-transportation/road-maintenance/road-sidewalk-repair/,TS_Road_Reconstruction,12,2025,EXTERNAL,"{""type"": ""LineString"", ""coordinates"": [[-79.3667013421698, 43.6647859999478], [-79.3665810096809, 43.6648000780788]]}"
10,619, ,2025-10-31,Laneway Reconstruction,[40 m S] ST CLAIR AVE W&lt;br&gt; From: [39 m E] LANSDOWNE AVE (TO)&lt;br&gt; To: LANSDOWNE AVE (TO) ,"Replacement of the entire laneway pavement structure, including the asphalt, concrete and underlying support materials. Repair, improvement, or replacement of laneway drainage, curbs, and associated areas. Work may include the closure of individual lanes or the entire laneway. Also, includes the replacement of the City-owned portion of substandard water service connections. The property owner is encouraged to replace the private portion of the substandard water service connection, as well.",Q3 2027 - Q4 2028,Active,1 - Projects with approved or allocated funding in the Capital Works Program.,Transportation Services,"Adriana Gomez, Engineering and Construction Services",AGOMEZ4@toronto.ca,https://www.toronto.ca/services-payments/streets-parking-transportation/road-maintenance/road-sidewalk-repair/,TS_Road_Reconstruction,12,2026,EXTERNAL,"{""type"": ""LineString"", ""coordinates"": [[-79.4503959602035, 43.6758632648315], [-79.4499284342664, 43.6759758574483]]}"
11,703, ,2025-10-14,Local Road Rehabilitation,COPPERFIELD RD&lt;br&gt; From: MANSE RD&lt;br&gt; To: [550 m E] MANSE RD ,"Replacement of partial road pavement structure or entire road pavement structure for either partial lane width, full lane width or full road width. This could include the asphalt and underlying support materials. Repair, improvement or replacement of road drainage, damaged sidewalk, boulevards and curbs. Work may include the closure of individual lanes or the entire road.",Q3 2026 - Q2 2027,Active,,Transportation Services,"Christy Manoharan, Engineering and Construction Services",cmanoha@toronto.ca,https://www.toronto.ca/services-payments/streets-parking-transportation/road-maintenance/road-sidewalk-repair/,TS_Road_Reconstruction,12,2026,EXTERNAL,"{""type"": ""LineString"", ""coordinates"": [[-79.1717492025288, 43.7598266941598], [-79.1702954453143, 43.7601015590377], [-79.1690864585156, 43.7603231135549], [-79.1678579659028, 43.760562608152], [-79.1666351880858, 43.7607481018212], [-79.1658636208942, 43.7608898883774], [-79.1645153888148, 43.7611559833378], [-79.1640918001094, 43.7612537575918], [-79.1640467301174, 43.761262627204], [-79.1636322775794, 43.761340768032], [-79.1634380173713, 43.7613774097402], [-79.1632032854737, 43.761420288499], [-79.1627937603589, 43.7614963813335], [-79.1627117981359, 43.7615107502041], [-79.1625852313278, 43.7615193796121], [-79.1624423592323, 43.7615279616256], [-79.1624092435622, 43.7615264875376], [-79.1621883602568, 43.7615166645084]]}"
12,2213, ,2025-11-17,Local Road Rehabilitation,WALES AVE&lt;br&gt; From: AUGUSTA AVE&lt;br&gt; To: DENISON AVE ,"Replacement of partial road pavement structure or entire road pavement structure for either partial lane width, full lane width or full road width. This could include the asphalt and underlying support materials. Repair, improvement or replacement of road drainage, damaged sidewalk, boulevards and curbs. Work may include the closure of individual lanes or the entire road.",Q2 2027 - Q4 2028,Active,,Transportation Services,"Steven Bertolo, Engineering and Construction Services",sbertol@toronto.ca,https://www.toronto.ca/services-payments/streets-parking-transportation/road-maintenance/road-sidewalk-repair/,TS_Road_Reconstruction,12,2027,EXTERNAL,"{""type"": ""LineString"", ""coordinates"": [[-79.4015688258877, 43.6533468153691], [-79.4026878065616, 43.6531114634911]]}"
13,2577, ,2026-02-18,Local Road Reconstruction,HASLEMERE RD&lt;br&gt; From: KAPPELE AVE&lt;br&gt; To: LANGTON AVE ,"Replacement of the entire road pavement structure, including the asphalt and underlying support materials. Repair, improvement, or replacement of: road drainage, curbs, boulevards and sidewalks. Work may include the closure of individual lanes or the entire road.  Also, includes the replacement of the City-owned portion of substandard water service connections. The property owner is encouraged to replace the private portion of the substandard water service connection, as well. Also, includes the replacement of the City-owned portion of substandard water service connections. The property owner is encouraged to replace the private portion of the substandard water service connection, as well.",2027 - 2030,Active,1 - Projects with approved or allocated funding in the Capital Works Program.,Transportation Services,"Osa Ehioghiren, Engineering and Construction Services",oehiogh@toronto.ca,https://www.toronto.ca/services-payments/streets-parking-transportation/road-maintenance/road-sidewalk-repair/,TS_Road_Reconstruction,12,2027,EXTERNAL,"{""type"": ""LineString"", ""coordinates"": [[-79.3937229185515, 43.7293319729461], [-79.3920647101273, 43.7297043106476]]}"
14,2788, ,2026-03-02,Local Road Reconstruction,DOVER AVE&lt;br&gt; From: BROWNS LINE&lt;br&gt; To: LLOYD GEORGE AVE ,"Replacement of the entire road pavement structure, including the asphalt and underlying support materials. Repair, improvement, or replacement of: road drainage, curbs, boulevards and sidewalks. Work may include the closure of individual lanes or the entire road.  Also, includes the replacement of the City-owned portion of substandard water service connections. The property owner is encouraged to replace the private portion of the substandard water service connection, as well. Also, includes the replacement of the City-owned portion of substandard water service connections. The property owner is encouraged to replace the private portion of the substandard water service connection, as well.",Q2 2026 - Q4 2026,Active,1 - Projects with approved or allocated funding in the Capital Works Program.,Transportation Services,"Nicholas Mah, Engineering and Construction Services",nmah@toronto.ca,https://www.toronto.ca/services-payments/streets-parking-transportation/road-maintenance/road-sidewalk-repair/,TS_Road_Reconstruction,12,2026,EXTERNAL,"{""type"": ""LineString"", ""coordinates"": [[-79.5425605950632, 43.5957686235557], [-79.5429486575409, 43.5956784261486], [-79.5430568545606, 43.5956595238175], [-79.5445517101717, 43.595319512755]]}"
15,2858, ,2026-03-11,Laneway Reconstruction,Alan Borovoy Lane&lt;br&gt; From: [39.3 m E] GRACE ST (TO)&lt;br&gt; To: JERSEY AVE ,"Replacement of the entire laneway pavement structure, including the asphalt, concrete and underlying support materials. Repair, improvement, or replacement of laneway drainage, curbs, and associated areas. Work may include the closure of individual lanes or the entire laneway. Also, includes the replacement of the City-owned portion of substandard water service connections. The property owner is encouraged to replace the private portion of the substandard water service connection, as well.",Q3 2026 - Q2 2027,Active,1 - Projects with approved or allocated funding in the Capital Works Program.,Transportation Services,"Lucas Da Costa, Engineering and Construction Services",ldacost@toronto.ca,https://www.toronto.ca/services-payments/streets-parking-transportation/road-maintenance/road-sidewalk-repair/,TS_Road_Reconstruction,12,2026,EXTERNAL,"{""type"": ""LineString"", ""coordinates"": [[-79.4152006152564, 43.6554195662412], [-79.4164095716357, 43.6585765551403], [-79.4163697594062, 43.6585954981621]]}"
16,2989, ,2026-04-21,Laneway Reconstruction,[79.20 m W] HURON ST&lt;br&gt; From: DUNDAS ST W&lt;br&gt; To: D&apos;ARCY ST ,"Replacement of the entire laneway pavement structure, including the asphalt, concrete and underlying support materials. Repair, improvement, or replacement of laneway drainage, curbs, and associated areas. Work may include the closure of individual lanes or the entire laneway. Also, includes the replacement of the City-owned portion of substandard water service connections. The property owner is encouraged to replace the private portion of the substandard water service connection, as well.",Q2 2026 - Q4 2026,Active,1 - Projects with approved or allocated funding in the Capital Works Program.,Transportation Services,"Niloufar Mohajerani, Engineering and Construction Services",nmohaje@toronto.ca,https://www.toronto.ca/services-payments/streets-parking-transportation/road-maintenance/road-sidewalk-repair/,TS_Road_Reconstruction,12,2026,EXTERNAL,"{""type"": ""LineString"", ""coordinates"": [[-79.3972709063245, 43.6531172627229], [-79.3974500705277, 43.653578495542], [-79.3976430744263, 43.654075299388]]}"
17,3061, ,2025-10-31,Laneway Reconstruction,[28.70 m N] SPRINGHURST AVE&lt;br&gt; From: COWAN AVE&lt;br&gt; To: DUNN AVE ,"Replacement of the entire laneway pavement structure, including the asphalt, concrete and underlying support materials. Repair, improvement, or replacement of laneway drainage, curbs, and associated areas. Work may include the closure of individual lanes or the entire laneway. Also, includes the replacement of the City-owned portion of substandard water service connections. The property owner is encouraged to replace the private portion of the substandard water service connection, as well.",Q3 2027 - Q4 2028,Active,1 - Projects with approved or allocated funding in the Capital Works Program.,Transportation Services,"Adriana Gomez, Engineering and Construction Services",AGOMEZ4@toronto.ca,https://www.toronto.ca/services-payments/streets-parking-transportation/road-maintenance/road-sidewalk-repair/,TS_Road_Reconstruction,12,2026,EXTERNAL,"{""type"": ""LineString"", ""coordinates"": [[-79.4304991328845, 43.6343040121647], [-79.4318736417011, 43.6340241781122]]}"
18,3073, ,2026-04-21,Laneway Reconstruction,[43.30 m N] DUNDAS ST W&lt;br&gt; From: HURON ST&lt;br&gt; To: [79.20 m W] HURON ST ,"Replacement of the entire laneway pavement structure, including the asphalt, concrete and underlying support materials. Repair, improvement, or replacement of laneway drainage, curbs, and associated areas. Work may include the closure of individual lanes or the entire laneway. Also, includes the replacement of the City-owned portion of substandard water service connections. The property owner is encouraged to replace the private portion of the substandard water service connection, as well.",Q2 2026 - Q4 2026,Active,1 - Projects with approved or allocated funding in the Capital Works Program.,Transportation Services,"Niloufar Mohajerani, Engineering and Construction Services",nmohaje@toronto.ca,https://www.toronto.ca/services-payments/streets-parking-transportation/road-maintenance/road-sidewalk-repair/,TS_Road_Reconstruction,12,2026,EXTERNAL,"{""type"": ""LineString"", ""coordinates"": [[-79.3963577279059, 43.6538134539269], [-79.3974500705277, 43.653578495542]]}"
19,3081, ,2026-04-21,Local Road Reconstruction,ORCHARD PARK DR&lt;br&gt; From: KINGSTON RD&lt;br&gt; To: WEST HILL DR ,"Replacement of the entire road pavement structure, including the asphalt and underlying support materials. Repair, improvement, or replacement of: road drainage, curbs, boulevards and sidewalks. Work may include the closure of individual lanes or the entire road.  Also, includes the replacement of the City-owned portion of substandard water service connections. The property owner is encouraged to replace the private portion of the substandard water service connection, as well. Also, includes the replacement of the City-owned portion of substandard water service connections. The property owner is encouraged to replace the private portion of the substandard water service connection, as well.",Q2 2026 - Q4 2026,Active,1 - Projects with approved or allocated funding in the Capital Works Program.,Transportation Services,"Niloufar Mohajerani, Engineering and Construction Services",nmohaje@toronto.ca,https://www.toronto.ca/services-payments/streets-parking-transportation/road-maintenance/road-sidewalk-repair/,TS_Road_Reconstruction,12,2026,EXTERNAL,"{""type"": ""LineString"", ""coordinates"": [[-79.1793273630366, 43.7746799814392], [-79.1793724937866, 43.7747707128139], [-79.1794136503585, 43.7748287408155], [-79.1794531636817, 43.7748595347893], [-79.1795028874367, 43.7748832464663], [-79.1795664299426, 43.7748966815375], [-79.1796418076897, 43.7748990774229], [-79.1798225588095, 43.7749044031346], [-79.1804253829807, 43.7748996607445], [-79.1810603904613, 43.7749045237125], [-79.1817180624308, 43.7749199236184]]}"
20,3480, ,2026-03-19,Local Road Reconstruction,RIDELLE AVE&lt;br&gt; From: OVERDALE RD&lt;br&gt; To: MARWOOD RD ,"Replacement of the entire road pavement structure, including the asphalt and underlying support materials. Repair, improvement, or replacement of: road drainage, curbs, boulevards and sidewalks. Work may include the closure of individual lanes or the entire road.  Also, includes the replacement of the City-owned portion of substandard water service connections. The property owner is encouraged to replace the private portion of the substandard water service connection, as well. Also, includes the replacement of the City-owned portion of substandard water service connections. The property owner is encouraged to replace the private portion of the substandard water service connection, as well.",Q2 2026 - Q4 2027,Active,1 - Projects with approved or allocated funding in the Capital Works Program.,Transportation Services,"Lucas Da Costa, Engineering and Construction Services",ldacost@toronto.ca,https://www.toronto.ca/services-payments/streets-parking-transportation/road-maintenance/road-sidewalk-repair/,TS_Road_Reconstruction,12,2026,EXTERNAL,"{""type"": ""LineString"", ""coordinates"": [[-79.4340824104198, 43.7055975320004], [-79.4352586953962, 43.7053528781632]]}"
21,3552, ,2025-10-14,Local Road Reconstruction,HIGHLAND AVE&lt;br&gt; From: [289.60 m E] HIGHLAND GDNS&lt;br&gt; To: ROXBOROUGH DR ,"Replacement of the entire road pavement structure, including the asphalt and underlying support materials. Repair, improvement, or replacement of: road drainage, curbs, boulevards and sidewalks. Work may include the closure of individual lanes or the entire road.  Also, includes the replacement of the City-owned portion of substandard water service connections. The property owner is encouraged to replace the private portion of the substandard water service connection, as well. Also, includes the replacement of the City-owned portion of substandard water service connections. The property owner is encouraged to replace the private portion of the substandard water service connection, as well.",Q3 2025 - Q4 2026,Active,1 - Projects with approved or allocated funding in the Capital Works Program.,Transportation Services,"Marfique Ahmed, Engineering and Construction Services",mahmed2@toronto.ca,https://www.toronto.ca/services-payments/streets-parking-transportation/road-maintenance/road-sidewalk-repair/,TS_Road_Reconstruction,12,2025,EXTERNAL,"{""type"": ""LineString"", ""coordinates"": [[-79.3785435145386, 43.6817156190147], [-79.3776022649132, 43.6819003219836], [-79.3775600098701, 43.6819047764862], [-79.3771063502459, 43.6819898012094]]}"
22,3564,TS2023-13-044,2025-08-28,Local Road Reconstruction,SACKVILLE PL&lt;br&gt; From: WOODSTOCK PL&lt;br&gt; To: FLAGLER ST ,"Replacement of the entire road pavement structure, including the asphalt and underlying support materials. Repair, improvement, or replacement of: road drainage, curbs, boulevards and sidewalks. Work may include the closure of individual lanes or the entire road.  Also, includes the replacement of the City-owned portion of substandard water service connections. The property owner is encouraged to replace the private portion of the substandard water service connection, as well. Also, includes the replacement of the City-owned portion of substandard water service connections. The property owner is encouraged to replace the private portion of the substandard water service connection, as well.",Q4 2025 - Q3 2026,Active,1 - Projects with approved or allocated funding in the Capital Works Program.,Transportation Services,"Amran Durrani, Engineering and Construction Services",adurran2@toronto.ca,https://www.toronto.ca/services-payments/streets-parking-transportation/road-maintenance/road-sidewalk-repair/,TS_Road_Reconstruction,12,2025,EXTERNAL,"{""type"": ""LineString"", ""coordinates"": [[-79.364759658338, 43.6659572730188], [-79.3646466576578, 43.6659828749929]]}"
23,3595, ,2025-10-31,Laneway Reconstruction,[79 m N] O&apos;CONNOR DR&lt;br&gt; From: HOPEDALE AVE&lt;br&gt; To: [35 m W] HOPEDALE AVE ,"Replacement of the entire laneway pavement structure, including the asphalt, concrete and underlying support materials. Repair, improvement, or replacement of laneway drainage, curbs, and associated areas. Work may include the closure of individual lanes or the entire laneway. Also, includes the replacement of the City-owned portion of substandard water service connections. The property owner is encouraged to replace the private portion of the substandard water service connection, as well.",Q3 2027 - Q4 2028,Active,1 - Projects with approved or allocated funding in the Capital Works Program.,Transportation Services,"Adriana Gomez, Engineering and Construction Services",AGOMEZ4@toronto.ca,https://www.toronto.ca/services-payments/streets-parking-transportation/road-maintenance/road-sidewalk-repair/,TS_Road_Reconstruction,12,2026,EXTERNAL,"{""type"": ""LineString"", ""coordinates"": [[-79.3525191549885, 43.6936711609227], [-79.3531025231468, 43.6935649128476]]}"
24,3628, ,2021-04-12,Laneway Reconstruction,NICHOLSON LANE&lt;br&gt; From: PRINCESS ST&lt;br&gt; To: BERKELEY ST ,"Replacement of the entire laneway pavement structure, including the asphalt, concrete and underlying support materials. Repair, improvement, or replacement of laneway drainage, curbs, and associated areas. Work may include the closure of individual lanes or the entire laneway. Also, includes the replacement of the City-owned portion of substandard water service connections. The property owner is encouraged to replace the private portion of the substandard water service connection, as well.",Q3 2025 - Q4 2026 (Carry-Over),Active,1 - Projects with approved or allocated funding in the Capital Works Program.,Transportation Services,"Marfique Ahmed, Engineering and Construction Services",mahmed2@toronto.ca,https://www.toronto.ca/services-payments/streets-parking-transportation/road-maintenance/road-sidewalk-repair/,TS_Road_Reconstruction,12,2025,EXTERNAL,"{""type"": ""LineString"", ""coordinates"": [[-79.363853361954, 43.6508503853498], [-79.3665079581504, 43.6502499569073]]}"
25,3682, ,2021-07-12,Local Road Rehabilitation,RAMPART RD&lt;br&gt; From: MARTIN GROVE RD&lt;br&gt; To: [105 m E] MARTIN GROVE RD [CUL-DE-SAC] ,"Replacement of partial road pavement structure or entire road pavement structure for either partial lane width, full lane width or full road width. This could include the asphalt and underlying support materials. Repair, improvement or replacement of road drainage, damaged sidewalk, boulevards and curbs. Work may include the closure of individual lanes or the entire road.",Q3 2024 - Q4 2025 (Carry-Over),Active,,Transportation Services,"Lucas Da Costa, Engineering and Construction Services",ldacost@toronto.ca,https://www.toronto.ca/services-payments/streets-parking-transportation/road-maintenance/road-sidewalk-repair/,TS_Road_Reconstruction,12,2024,EXTERNAL,"{""type"": ""LineString"", ""coordinates"": [[-79.5903711963217, 43.7340113037318], [-79.5899604928695, 43.7341152948613], [-79.5891731945518, 43.7343146319075], [-79.5891327342896, 43.7343373645631], [-79.5890449793373, 43.7343866786798]]}"
26,3712, ,2021-07-12,Local Road Rehabilitation,HENNING AVE&lt;br&gt; From: EGLINTON AVE W&lt;br&gt; To: [107 m N] EGLINTON AVE W [END] ,"Replacement of partial road pavement structure or entire road pavement structure for either partial lane width, full lane width or full road width. This could include the asphalt and underlying support materials. Repair, improvement or replacement of road drainage, damaged sidewalk, boulevards and curbs. Work may include the closure of individual lanes or the entire road.",Q3 2025 - Q3 2026 (Carry-Over),Active,,Transportation Services,"Augustine Anifowose, Engineering and Construction Services",aanifow@toronto.ca,https://www.toronto.ca/services-payments/streets-parking-transportation/road-maintenance/road-sidewalk-repair/,TS_Road_Reconstruction,12,2024,EXTERNAL,"{""type"": ""LineString"", ""coordinates"": [[-79.4014521157876, 43.7061002196874], [-79.4018118861901, 43.7071266382737]]}"
27,3838, ,2022-08-29,Laneway Reconstruction,[33.50 m E] EMERSON AVE&lt;br&gt; From: [30.50 m N] WALLACE AVE&lt;br&gt; To: ARMSTRONG AVE ,"Replacement of the entire laneway pavement structure, including the asphalt, concrete and underlying support materials. Repair, improvement, or replacement of laneway drainage, curbs, and associated areas. Work may include the closure of individual lanes or the entire laneway. Also, includes the replacement of the City-owned portion of substandard water service connections. The property owner is encouraged to replace the private portion of the substandard water service connection, as well.",2026,Active,1 - Projects with approved or allocated funding in the Capital Works Program.,Transportation Services,"Augustine Anifowose, Engineering and Construction Services",aanifow@toronto.ca,https://www.toronto.ca/services-payments/streets-parking-transportation/road-maintenance/road-sidewalk-repair/,TS_Road_Reconstruction,12,2026,EXTERNAL,"{""type"": ""LineString"", ""coordinates"": [[-79.4419968763231, 43.6632356139409], [-79.4420207671826, 43.6633025150236], [-79.4421819084151, 43.6637535367856]]}"
28,3959, ,2023-02-13,Local Road Rehabilitation,MACPHERSON AVE&lt;br&gt; From: WALMER RD&lt;br&gt; To: KENDAL AVE ,"Replacement of partial road pavement structure or entire road pavement structure for either partial lane width, full lane width or full road width. This could include the asphalt and underlying support materials. Repair, improvement or replacement of road drainage, damaged sidewalk, boulevards and curbs. Work may include the closure of individual lanes or the entire road.",Q3 2026 - Q2 2027,Active,,Transportation Services,"Lucas Da Costa, Engineering and Construction Services",ldacost@toronto.ca,https://www.toronto.ca/services-payments/streets-parking-transportation/road-maintenance/road-sidewalk-repair/,TS_Road_Reconstruction,12,2026,EXTERNAL,"{""type"": ""LineString"", ""coordinates"": [[-79.4086770638926, 43.6756331312167], [-79.4092068145176, 43.6755228441598], [-79.409542868708, 43.6754528552707], [-79.4096177161817, 43.6754333996106], [-79.4096551291579, 43.6754262857373], [-79.4096781033274, 43.6754229698031], [-79.4097122263847, 43.6754239499999]]}"
29,3988, ,2023-02-13,Laneway Reconstruction,[27.40 m W] DUNCAN ST&lt;br&gt; From: [25 m N] ADELAIDE ST W&lt;br&gt; To: NELSON ST (TO) ,"Replacement of the entire laneway pavement structure, including the asphalt, concrete and underlying support materials. Repair, improvement, or replacement of laneway drainage, curbs, and associated areas. Work may include the closure of individual lanes or the entire laneway. Also, includes the replacement of the City-owned portion of substandard water service connections. The property owner is encouraged to replace the private portion of the substandard water service connection, as well.",Q2 2027 - Q4 2027,Active,1 - Projects with approved or allocated funding in the Capital Works Program.,Transportation Services,"Osa Ehioghiren, Engineering and Construction Services",oehiogh@toronto.ca,https://www.toronto.ca/services-payments/streets-parking-transportation/road-maintenance/road-sidewalk-repair/,TS_Road_Reconstruction,12,2027,EXTERNAL,"{""type"": ""LineString"", ""coordinates"": [[-79.3892446711243, 43.6484187445784], [-79.389371363459, 43.6487226740694]]}"
30,4048, ,2023-05-19,Local Road Reconstruction,GIBSON ST&lt;br&gt; From: DUFFERIN ST&lt;br&gt; To: WESTMOUNT AVE ,"Replacement of the entire road pavement structure, including the asphalt and underlying support materials. Repair, improvement, or replacement of: road drainage, curbs, boulevards and sidewalks. Work may include the closure of individual lanes or the entire road.  Also, includes the replacement of the City-owned portion of substandard water service connections. The property owner is encouraged to replace the private portion of the substandard water service connection, as well. Also, includes the replacement of the City-owned portion of substandard water service connections. The property owner is encouraged to replace the private portion of the substandard water service connection, as well.",Q3 2025 - Q4 2028 (Carry-Over),Active,1 - Projects with approved or allocated funding in the Capital Works Program.,Transportation Services,"Marfique Ahmed, Engineering and Construction Services",mahmed2@toronto.ca,https://www.toronto.ca/services-payments/streets-parking-transportation/road-maintenance/road-sidewalk-repair/,TS_Road_Reconstruction,12,2024,EXTERNAL,"{""type"": ""LineString"", ""coordinates"": [[-79.4470016686532, 43.6905738251561], [-79.447061790115, 43.6905918916155], [-79.4471245131365, 43.6905842794449], [-79.4471920812408, 43.6905684422923], [-79.4480879069253, 43.6903913695446]]}"
31,4769, ,2023-12-08,Laneway Reconstruction,[30.50 m W] BEATRICE ST&lt;br&gt; From: [36.60 m N] DUNDAS ST W&lt;br&gt; To: [30.50 m S] COLLEGE ST (TO) ,"Replacement of the entire laneway pavement structure, including the asphalt, concrete and underlying support materials. Repair, improvement, or replacement of laneway drainage, curbs, and associated areas. Work may include the closure of individual lanes or the entire laneway. Also, includes the replacement of the City-owned portion of substandard water service connections. The property owner is encouraged to replace the private portion of the substandard water service connection, as well.",Q1 2025 - Q2 2026 (Carry-Over),Active,1 - Projects with approved or allocated funding in the Capital Works Program.,Transportation Services,"Amran Durrani, Engineering and Construction Services",adurran2@toronto.ca,https://www.toronto.ca/services-payments/streets-parking-transportation/road-maintenance/road-sidewalk-repair/,TS_Road_Reconstruction,12,2024,EXTERNAL,"{""type"": ""LineString"", ""coordinates"": [[-79.4155810547327, 43.6508007945212], [-79.4171087607406, 43.6546673031688], [-79.4171565928882, 43.6547878740736]]}"
32,4917,1,2024-03-14,Local Road Reconstruction,BAYVIEW WOOD&lt;br&gt; From: MILDENHALL RD&lt;br&gt; To: [65.97 m N/E] ST AUBYNS CRES [END] ,"Replacement of the entire road pavement structure, including the asphalt and underlying support materials. Repair, improvement, or replacement of: road drainage, curbs, boulevards and sidewalks. Work may include the closure of individual lanes or the entire road.  Also, includes the replacement of the City-owned portion of substandard water service connections. The property owner is encouraged to replace the private portion of the substandard water service connection, as well. Also, includes the replacement of the City-owned portion of substandard water service connections. The property owner is encouraged to replace the private portion of the substandard water service connection, as well.",Q4 2027 - Q1 2030,Active,1 - Projects with approved or allocated funding in the Capital Works Program.,Transportation Services,"Harry Persaud, Engineering and Construction Services",hpersau3@toronto.ca,https://www.toronto.ca/services-payments/streets-parking-transportation/road-maintenance/road-sidewalk-repair/,TS_Road_Reconstruction,12,2027,EXTERNAL,"{""type"": ""MultiLineString"", ""coordinates"": [[[-79.3847640639245, 43.7267010748062], [-79.3841382049786, 43.7268618910575]], [[-79.3841382049786, 43.7268618910575], [-79.3840794665047, 43.7268630214664], [-79.3839893147196, 43.7268687745076], [-79.3838939607067, 43.7268817051827], [-79.3838133640315, 43.7269021479121], [-79.3837559793898, 43.7269149901435], [-79.3836793197926, 43.7269213318399], [-79.3833170326876, 43.7274539592486]], [[-79.386156918345, 43.7274497588323], [-79.3860389327796, 43.7274833788024], [-79.3860152486876, 43.7274898810845], [-79.3858896993449, 43.72752518559], [-79.3857917706978, 43.7275398966215], [-79.3856925966543, 43.7275632925187], [-79.3855810828837, 43.727581042103], [-79.3854543417122, 43.7275901801369], [-79.3853566302999, 43.7275819927627], [-79.3852439301143, 43.7275579480779], [-79.3851618871654, 43.7275282453043], [-79.3850870322546, 43.7274920958103], [-79.3850174167655, 43.7274487856517], [-79.384944739288, 43.7273905312121], [-79.3848806697512, 43.727329143063], [-79.3848242702101, 43.7272624437742], [-79.3847689025409, 43.7271943043986], [-79.3847220129178, 43.7271266686143], [-79.3846866620751, 43.7270744815767], [-79.384647924085, 43.7270338748043], [-79.3845997840372, 43.7269905590549], [-79.3845474860626, 43.726952989977], [-79.3844854175864, 43.7269236030293], [-79.3844204563041, 43.7269068958691], [-79.3843534179204, 43.7268930588659], [-79.3843136877089, 43.7268851254747], [-79.3842554768726, 43.7268765171669], [-79.384169956676, 43.7268620123502], [-79.3841499735354, 43.7268616599525], [-79.3841382049786, 43.7268618910575]]]}"
33,4922, ,2024-04-05,Laneway Reconstruction,Reggae LN ([30 m S] EGLINTON AVE W)&lt;br&gt; From: [48 m W] ALAMEDA AVE&lt;br&gt; To: OAKWOOD AVE ,"Replacement of the entire laneway pavement structure, including the asphalt, concrete and underlying support materials. Repair, improvement, or replacement of laneway drainage, curbs, and associated areas. Work may include the closure of individual lanes or the entire laneway. Also, includes the replacement of the City-owned portion of substandard water service connections. The property owner is encouraged to replace the private portion of the substandard water service connection, as well.",Q1 2025 - Q3 2025,Active,1 - Projects with approved or allocated funding in the Capital Works Program.,Transportation Services,"Angela Au, Engineering and Construction Services",aau2@toronto.ca,https://www.toronto.ca/services-payments/streets-parking-transportation/road-maintenance/road-sidewalk-repair/,TS_Road_Reconstruction,12,2024,EXTERNAL,"{""type"": ""LineString"", ""coordinates"": [[-79.4426455658532, 43.6969425186823], [-79.4419622463682, 43.69709103167], [-79.4419478252956, 43.6970551722199], [-79.4407554354441, 43.6973174718272]]}"
34,4942, ,2024-04-12,Major Road Rehabilitation,DUPONT ST&lt;br&gt; From: HURON ST&lt;br&gt; To: MADISON AVE ,"Replacement of partial road pavement structure or entire road pavement structure for either partial lane width, full lane width or full road width. This could include the asphalt and underlying support materials. Repair, improvement or replacement of road drainage, damaged sidewalk, boulevards and curbs. Work may include the closure of individual lanes or the entire road.",Q4 2026 - Q3 2027,Active,,Transportation Services,"Shahid Virk, Engineering and Construction Services",svirk@toronto.ca,https://www.toronto.ca/services-payments/streets-parking-transportation/road-maintenance/road-sidewalk-repair/,TS_Road_Reconstruction,12,2026,EXTERNAL,"{""type"": ""LineString"", ""coordinates"": [[-79.4047887916673, 43.6753576543882], [-79.4059769635791, 43.6751085658455]]}"
35,5067, ,2024-04-05,Local Road Reconstruction,DRAPER ST&lt;br&gt; From: FRONT ST W&lt;br&gt; To: WELLINGTON ST W ,"Replacement of the entire road pavement structure, including the asphalt and underlying support materials. Repair, improvement, or replacement of: road drainage, curbs, boulevards and sidewalks. Work may include the closure of individual lanes or the entire road.  Also, includes the replacement of the City-owned portion of substandard water service connections. The property owner is encouraged to replace the private portion of the substandard water service connection, as well. Also, includes the replacement of the City-owned portion of substandard water service connections. The property owner is encouraged to replace the private portion of the substandard water service connection, as well.",Q1 2025 - Q3 2025,Active,1 - Projects with approved or allocated funding in the Capital Works Program.,Transportation Services,"Angela Au, Engineering and Construction Services",aau2@toronto.ca,https://www.toronto.ca/services-payments/streets-parking-transportation/road-maintenance/road-sidewalk-repair/,TS_Road_Reconstruction,12,2024,EXTERNAL,"{""type"": ""LineString"", ""coordinates"": [[-79.3975866728246, 43.6417692035288], [-79.3982472385781, 43.643300637109]]}"
36,5150,TS2023-04-089,2024-06-26,Local Road Rehabilitation,EVANS AVE (TO)&lt;br&gt; From: COLBECK ST&lt;br&gt; To: ARDAGH ST ,"Replacement of partial road pavement structure or entire road pavement structure for either partial lane width, full lane width or full road width. This could include the asphalt and underlying support materials. Repair, improvement or replacement of road drainage, damaged sidewalk, boulevards and curbs. Work may include the closure of individual lanes or the entire road.",Q3 2025 - Q3 2026 (Carry-Over),Active,,Transportation Services,"Augustine Anifowose, Engineering and Construction Services",aanifow@toronto.ca,https://www.toronto.ca/services-payments/streets-parking-transportation/road-maintenance/road-sidewalk-repair/,TS_Road_Reconstruction,12,2024,EXTERNAL,"{""type"": ""LineString"", ""coordinates"": [[-79.483865437579, 43.6534273781895], [-79.4850005380202, 43.6561965500742]]}"
37,5189,TS2023-04-223,2024-06-26,Local Road Rehabilitation,MARGDON RD&lt;br&gt; From: KENNEDY PARK RD&lt;br&gt; To: GLENDONWYNNE RD ,"Replacement of partial road pavement structure or entire road pavement structure for either partial lane width, full lane width or full road width. This could include the asphalt and underlying support materials. Repair, improvement or replacement of road drainage, damaged sidewalk, boulevards and curbs. Work may include the closure of individual lanes or the entire road.",Q3 2025 - Q3 2026 (Carry-Over),Active,,Transportation Services,"Augustine Anifowose, Engineering and Construction Services",aanifow@toronto.ca,https://www.toronto.ca/services-payments/streets-parking-transportation/road-maintenance/road-sidewalk-repair/,TS_Road_Reconstruction,12,2024,EXTERNAL,"{""type"": ""LineString"", ""coordinates"": [[-79.4732038861529, 43.6527118143564], [-79.4732867723957, 43.6526117962668], [-79.4733498847216, 43.6525856764555], [-79.473418683022, 43.6525690633652], [-79.474381054799, 43.6523617954893]]}"
38,5234,TS2023-13-001,2024-06-27,Major Road Reconstruction,GERRARD ST E&lt;br&gt; From: TILBURN PL&lt;br&gt; To: RATHMORE AVE ,"Replacement of the entire road pavement structure, including the asphalt and underlying support materials. Repair, improvement, or replacement of: road drainage, curbs, boulevards and sidewalks. Work may include the closure of individual lanes or the entire road.  Also, includes the replacement of the City-owned portion of substandard water service connections. The property owner is encouraged to replace the private portion of the substandard water service connection, as well. Also, includes the replacement of the City-owned portion of substandard water service connections. The property owner is encouraged to replace the private portion of the substandard water service connection, as well.",Q1 2029 - Q2 2032,Active,1 - Projects with approved or allocated funding in the Capital Works Program.,Transportation Services,"Sarmad Al-Douri, Engineering and Construction Services",saldour@toronto.ca,https://www.toronto.ca/services-payments/streets-parking-transportation/road-maintenance/road-sidewalk-repair/,TS_Road_Reconstruction,12,2027,EXTERNAL,"{""type"": ""LineString"", ""coordinates"": [[-79.2818026874289, 43.687936378166], [-79.2808034597103, 43.6881509458582]]}"
39,5269,TS2023-11-241,2024-06-26,Laneway Reconstruction,[36.60 m N] BLOOR ST W&lt;br&gt; From: [35.10 m E] MARKHAM ST&lt;br&gt; To: MARKHAM ST ,"Replacement of the entire laneway pavement structure, including the asphalt, concrete and underlying support materials. Repair, improvement, or replacement of laneway drainage, curbs, and associated areas. Work may include the closure of individual lanes or the entire laneway. Also, includes the replacement of the City-owned portion of substandard water service connections. The property owner is encouraged to replace the private portion of the substandard water service connection, as well.",Q2 2024 - Q3 2024,Active,1 - Projects with approved or allocated funding in the Capital Works Program.,Transportation Services,"Christy Manoharan, Engineering and Construction Services",cmanoha@toronto.ca,https://www.toronto.ca/services-payments/streets-parking-transportation/road-maintenance/road-sidewalk-repair/,TS_Road_Reconstruction,12,2024,EXTERNAL,"{""type"": ""LineString"", ""coordinates"": [[-79.4125770149826, 43.6653093092945], [-79.4121105824931, 43.6654042658881], [-79.4120663249703, 43.6654395909042]]}"
40,5434,TS2023-15-006,2024-06-28,Local Road Reconstruction,BRIDLE PATH THE&lt;br&gt; From: [350 m E] BAYVIEW AVE&lt;br&gt; To: BAYVIEW AVE ,"Replacement of the entire road pavement structure, including the asphalt and underlying support materials. Repair, improvement, or replacement of: road drainage, curbs, boulevards and sidewalks. Work may include the closure of individual lanes or the entire road.  Also, includes the replacement of the City-owned portion of substandard water service connections. The property owner is encouraged to replace the private portion of the substandard water service connection, as well. Also, includes the replacement of the City-owned portion of substandard water service connections. The property owner is encouraged to replace the private portion of the substandard water service connection, as well.",Q3 2024 - Q2 2026 (Carry-Over),Active,1 - Projects with approved or allocated funding in the Capital Works Program.,Transportation Services,"Matthew McAinsh, Engineering and Construction Services",mmcains@toronto.ca,https://www.toronto.ca/services-payments/streets-parking-transportation/road-maintenance/road-sidewalk-repair/,TS_Road_Reconstruction,12,2024,EXTERNAL,"{""type"": ""LineString"", ""coordinates"": [[-79.3822969117696, 43.7385257312075], [-79.3809399577641, 43.7388084673418], [-79.3781692763482, 43.739368560522], [-79.3780820753087, 43.7393863376641]]}"
41,5675,TS2023-08-114,2024-06-14,Laneway Reconstruction,[37 m N] BEDFORD PARK AVE&lt;br&gt; From: AVENUE RD&lt;br&gt; To: GREY RD ,"Replacement of the entire laneway pavement structure, including the asphalt, concrete and underlying support materials. Repair, improvement, or replacement of laneway drainage, curbs, and associated areas. Work may include the closure of individual lanes or the entire laneway. Also, includes the replacement of the City-owned portion of substandard water service connections. The property owner is encouraged to replace the private portion of the substandard water service connection, as well.",Q3 2026 - Q3 2027,Active,1 - Projects with approved or allocated funding in the Capital Works Program.,Transportation Services,"Fulvio Naccarato, Engineering and Construction Services",fnaccar@toronto.ca,https://www.toronto.ca/services-payments/streets-parking-transportation/road-maintenance/road-sidewalk-repair/,TS_Road_Reconstruction,12,2026,EXTERNAL,"{""type"": ""LineString"", ""coordinates"": [[-79.4167171115665, 43.7249710151449], [-79.4195982671343, 43.7243612752746]]}"
42,5681,TS2023-06_07-301,2024-06-21,Local Road Reconstruction,SENTINEL RD&lt;br&gt; From: GRANDRAVINE DR&lt;br&gt; To: LAMBERTON BLVD ,"Replacement of the entire road pavement structure, including the asphalt and underlying support materials. Repair, improvement, or replacement of: road drainage, curbs, boulevards and sidewalks. Work may include the closure of individual lanes or the entire road.  Also, includes the replacement of the City-owned portion of substandard water service connections. The property owner is encouraged to replace the private portion of the substandard water service connection, as well. Also, includes the replacement of the City-owned portion of substandard water service connections. The property owner is encouraged to replace the private portion of the substandard water service connection, as well.",Q3 2024 - Q4 2025,Active,1 - Projects with approved or allocated funding in the Capital Works Program.,Transportation Services,"Osa Ehioghiren, Engineering and Construction Services",oehiogh@toronto.ca,https://www.toronto.ca/services-payments/streets-parking-transportation/road-maintenance/road-sidewalk-repair/,TS_Road_Reconstruction,12,2024,EXTERNAL,"{""type"": ""LineString"", ""coordinates"": [[-79.4956576797227, 43.7516805909094], [-79.4957851261805, 43.751750424298], [-79.4958515122395, 43.7517703400838], [-79.4959177875805, 43.7517938842112], [-79.4959964927245, 43.7518194441049], [-79.4960643702896, 43.7518390357759], [-79.496123033533, 43.7518486627649], [-79.4962095750588, 43.7518616571009], [-79.4962542923808, 43.7518696174368], [-79.4963307619344, 43.7518860768128], [-79.4964156030577, 43.7518874413866], [-79.4964980964799, 43.7519025416579], [-79.4965898166639, 43.7519083709086], [-79.4966948843768, 43.7519376134956], [-79.4968959344254, 43.7519440972967], [-79.4970222130965, 43.7519649789414], [-79.497127281119, 43.7519942202306], [-79.4972333923803, 43.7520220392587], [-79.4973546649904, 43.7520620380644], [-79.4974302528735, 43.7520918895701], [-79.4975342649792, 43.7521417702134], [-79.4976295468306, 43.752182810502], [-79.4977049360446, 43.7522199077875], [-79.4978228051648, 43.7522750901515], [-79.4978913402718, 43.7523077306884], [-79.4979738066756, 43.7523420375541], [-79.4980639841615, 43.7523866238613], [-79.4981645191482, 43.7524360880141], [-79.4982814330221, 43.7524890726948], [-79.4983670909169, 43.7525346929316], [-79.4984539643572, 43.752590807619], [-79.4985164601967, 43.7526247960772], [-79.4985859107562, 43.7526788302588], [-79.4986510261448, 43.7527458521772], [-79.4987258412974, 43.7528046839751], [-79.4987864522099, 43.7528535071399], [-79.4988490376195, 43.752903087293], [-79.4989321995864, 43.7530044695063], [-79.4989576685949, 43.7530599810359], [-79.4990037760249, 43.7531096599641], [-79.499052131938, 43.7531876476622], [-79.4991116765112, 43.7532571202924], [-79.4991989755967, 43.7533719780316], [-79.4992660579152, 43.7534589678638], [-79.4993389643231, 43.7535518624751], [-79.4993761078269, 43.7536191475402], [-79.4994597321949, 43.7537408558645], [-79.4994927396691, 43.7537946570756], [-79.499578922753, 43.7538953655262]]}"
43,5829, ,2025-04-12,Laneway Reconstruction,[35.30 m W] BATHURST ST&lt;br&gt; From: OLIVE AVE (TO)&lt;br&gt; To: [34.10 m N] OLIVE AVE (TO) ,"Replacement of the entire laneway pavement structure, including the asphalt, concrete and underlying support materials. Repair, improvement, or replacement of laneway drainage, curbs, and associated areas. Work may include the closure of individual lanes or the entire laneway. Also, includes the replacement of the City-owned portion of substandard water service connections. The property owner is encouraged to replace the private portion of the substandard water service connection, as well.",Q2 2027 - Q4 2027,Active,1 - Projects with approved or allocated funding in the Capital Works Program.,Transportation Services,"Osa Ehioghiren, Engineering and Construction Services",oehiogh@toronto.ca,https://www.toronto.ca/services-payments/streets-parking-transportation/road-maintenance/road-sidewalk-repair/,TS_Road_Reconstruction,12,2027,EXTERNAL,"{""type"": ""LineString"", ""coordinates"": [[-79.4138092306099, 43.6702085230858], [-79.413930599998, 43.6705343159295]]}"
44,6322,TS2024-10_11-027,2025-03-19,Major Road Rehabilitation,[E] UNIVERSITY AVE [BRANCH]&lt;br&gt; From: DUNDAS ST W&lt;br&gt; To: EDWARD ST ,"Replacement of partial road pavement structure or entire road pavement structure for either partial lane width, full lane width or full road width. This could include the asphalt and underlying support materials. Repair, improvement or replacement of road drainage, damaged sidewalk, boulevards and curbs. Work may include the closure of individual lanes or the entire road.",Q1 2025 - Q3 2027 (Carry-Over),Active,,Transportation Services,"Newsha Roshani, Engineering and Construction Services",nroshan@toronto.ca,https://www.toronto.ca/services-payments/streets-parking-transportation/road-maintenance/road-sidewalk-repair/,TS_Road_Reconstruction,12,2024,EXTERNAL,"{""type"": ""LineString"", ""coordinates"": [[-79.3881457854229, 43.6548243888577], [-79.3882868802567, 43.6551417615196], [-79.3884527451187, 43.6555123732583]]}"
45,6399,TS2023-24-430,2025-10-14,Major Road Reconstruction,SCARBOROUGH GOLF CLUB RD&lt;br&gt; From: LAWRENCE AVE E&lt;br&gt; To: BRIMORTON DR ,"Replacement of the entire road pavement structure, including the asphalt and underlying support materials. Repair, improvement, or replacement of: road drainage, curbs, boulevards and sidewalks. Work may include the closure of individual lanes or the entire road.  Also, includes the replacement of the City-owned portion of substandard water service connections. The property owner is encouraged to replace the private portion of the substandard water service connection, as well. Also, includes the replacement of the City-owned portion of substandard water service connections. The property owner is encouraged to replace the private portion of the substandard water service connection, as well.",Q1 2025 - Q3 2026,Active,1 - Projects with approved or allocated funding in the Capital Works Program.,Transportation Services,"Mehrshad Rahimi, Engineering and Construction Services",mrahimi@toronto.ca,https://www.toronto.ca/services-payments/streets-parking-transportation/road-maintenance/road-sidewalk-repair/,TS_Road_Reconstruction,12,2025,EXTERNAL,"{""type"": ""LineString"", ""coordinates"": [[-79.2158381238168, 43.7618520435907], [-79.215828397595, 43.761950016156], [-79.2158324447904, 43.7620534695775], [-79.2158488821821, 43.7622024988695], [-79.2158485237521, 43.7623157526185], [-79.2158533224095, 43.7624097557626], [-79.2158620406353, 43.7625208357846], [-79.2158722112088, 43.7626349690136], [-79.2158872729591, 43.7627527229704], [-79.2159039667724, 43.7628665294621], [-79.2159326974007, 43.762993300559], [-79.2159616966173, 43.7630971913185], [-79.216003587844, 43.7632196925343], [-79.21606220225, 43.7633968796273], [-79.2161691132971, 43.763684334037], [-79.2162850205334, 43.7639235634562], [-79.2163939438197, 43.7641961499806], [-79.2164369274849, 43.7643170056097], [-79.2166796504369, 43.7648884954113], [-79.2177392055452, 43.7675540537722], [-79.2183042255374, 43.7688979326568], [-79.2186842206825, 43.7698112450039]]}"
46,6442, ,2025-10-14,Local Road Rehabilitation,CARLTON ST&lt;br&gt; From: SACKVILLE ST&lt;br&gt; To: WOODSTOCK PL ,"Replacement of partial road pavement structure or entire road pavement structure for either partial lane width, full lane width or full road width. This could include the asphalt and underlying support materials. Repair, improvement or replacement of road drainage, damaged sidewalk, boulevards and curbs. Work may include the closure of individual lanes or the entire road.",Q1 2025 - Q3 2025,Active,,Transportation Services,"Jessica Orjuela, Engineering and Construction Services",jorjuel@toronto.ca,https://www.toronto.ca/services-payments/streets-parking-transportation/road-maintenance/road-sidewalk-repair/,TS_Road_Reconstruction,12,2025,EXTERNAL,"{""type"": ""LineString"", ""coordinates"": [[-79.3650544654706, 43.6651339478541], [-79.3645021590854, 43.6652537495124]]}"
47,6464, ,2024-08-14,Major Road Rehabilitation,GREENWOOD AVE&lt;br&gt; From: SAMMON AVE&lt;br&gt; To: MORTIMER AVE ,"Replacement of partial road pavement structure or entire road pavement structure for either partial lane width, full lane width or full road width. This could include the asphalt and underlying support materials. Repair, improvement or replacement of road drainage, damaged sidewalk, boulevards and curbs. Work may include the closure of individual lanes or the entire road.",Q3 2025 - Q3 2026 (Carry-Over),Active,,Transportation Services,"Promil Sarkar, Engineering and Construction Services",psarkar@toronto.ca,https://www.toronto.ca/services-payments/streets-parking-transportation/road-maintenance/road-sidewalk-repair/,TS_Road_Reconstruction,12,2025,EXTERNAL,"{""type"": ""LineString"", ""coordinates"": [[-79.3346688950647, 43.6868847097714], [-79.3355044691125, 43.6886606926582]]}"
48,6488, ,2024-08-14,Major Road Rehabilitation,GREENWOOD AVE&lt;br&gt; From: [34.60 m N] MILVERTON BLVD&lt;br&gt; To: SPRINGDALE BLVD ,"Replacement of partial road pavement structure or entire road pavement structure for either partial lane width, full lane width or full road width. This could include the asphalt and underlying support materials. Repair, improvement or replacement of road drainage, damaged sidewalk, boulevards and curbs. Work may include the closure of individual lanes or the entire road.",Q3 2025 - Q3 2026 (Carry-Over),Active,,Transportation Services,"Promil Sarkar, Engineering and Construction Services",psarkar@toronto.ca,https://www.toronto.ca/services-payments/streets-parking-transportation/road-maintenance/road-sidewalk-repair/,TS_Road_Reconstruction,12,2025,EXTERNAL,"{""type"": ""LineString"", ""coordinates"": [[-79.3339042258784, 43.6850841471032], [-79.3340637582019, 43.6854622211506]]}"
49,6552,TS2023-11-101,2025-09-05,Local Road Reconstruction,KENSINGTON AVE (TO)&lt;br&gt; From: DUNDAS ST W&lt;br&gt; To: FITZROY TER ,"Replacement of the entire road pavement structure, including the asphalt and underlying support materials. Repair, improvement, or replacement of: road drainage, curbs, boulevards and sidewalks. Work may include the closure of individual lanes or the entire road.  Also, includes the replacement of the City-owned portion of substandard water service connections. The property owner is encouraged to replace the private portion of the substandard water service connection, as well. Also, includes the replacement of the City-owned portion of substandard water service connections. The property owner is encouraged to replace the private portion of the substandard water service connection, as well.",Q2 2027 - Q4 2028,Active,1 - Projects with approved or allocated funding in the Capital Works Program.,Transportation Services,"Steven Bertolo, Engineering and Construction Services",sbertol@toronto.ca,https://www.toronto.ca/services-payments/streets-parking-transportation/road-maintenance/road-sidewalk-repair/,TS_Road_Reconstruction,12,2027,EXTERNAL,"{""type"": ""LineString"", ""coordinates"": [[-79.3998708217879, 43.6525513319222], [-79.400183198789, 43.6533979036494], [-79.4001992199015, 43.6534389269145]]}"
50,6581, ,2025-10-31,Laneway Reconstruction,[34.40 m N] AUBURN AVE&lt;br&gt; From: [45.70 m W] VIA ITALIA&lt;br&gt; To: [143.30 m W] VIA ITALIA ,"Replacement of the entire laneway pavement structure, including the asphalt, concrete and underlying support materials. Repair, improvement, or replacement of laneway drainage, curbs, and associated areas. Work may include the closure of individual lanes or the entire laneway. Also, includes the replacement of the City-owned portion of substandard water service connections. The property owner is encouraged to replace the private portion of the substandard water service connection, as well.",Q3 2027 - Q4 2028,Active,1 - Projects with approved or allocated funding in the Capital Works Program.,Transportation Services,"Adriana Gomez, Engineering and Construction Services",AGOMEZ4@toronto.ca,https://www.toronto.ca/services-payments/streets-parking-transportation/road-maintenance/road-sidewalk-repair/,TS_Road_Reconstruction,12,2026,EXTERNAL,"{""type"": ""LineString"", ""coordinates"": [[-79.4465894578189, 43.6749583030507], [-79.4463538719074, 43.6750084237118], [-79.4454613970196, 43.6752205181024]]}"
51,6634, ,2025-10-31,Local Road Reconstruction,WESTSIDE DR&lt;br&gt; From: THE WEST MALL&lt;br&gt; To: [457 m S/W] THE WEST MALL ,"Replacement of the entire road pavement structure, including the asphalt and underlying support materials. Repair, improvement, or replacement of: road drainage, curbs, boulevards and sidewalks. Work may include the closure of individual lanes or the entire road.  Also, includes the replacement of the City-owned portion of substandard water service connections. The property owner is encouraged to replace the private portion of the substandard water service connection, as well. Also, includes the replacement of the City-owned portion of substandard water service connections. The property owner is encouraged to replace the private portion of the substandard water service connection, as well.",Q3 2027 - Q4 2028,Active,1 - Projects with approved or allocated funding in the Capital Works Program.,Transportation Services,"Adriana Gomez, Engineering and Construction Services",AGOMEZ4@toronto.ca,https://www.toronto.ca/services-payments/streets-parking-transportation/road-maintenance/road-sidewalk-repair/,TS_Road_Reconstruction,12,2026,EXTERNAL,"{""type"": ""LineString"", ""coordinates"": [[-79.5662236039272, 43.6166682167921], [-79.5657476618787, 43.616804970045], [-79.5635206300727, 43.617310243505], [-79.5635340313081, 43.6174107197341], [-79.563620988626, 43.6177053776336], [-79.5636447908434, 43.6178570111825], [-79.5636253016292, 43.6180544599082], [-79.5635822375292, 43.6183091383118], [-79.5635705678914, 43.6184436474947], [-79.5635431880623, 43.6186267730273], [-79.5635512638389, 43.6188184850922], [-79.5635829218135, 43.6189644010616], [-79.563603489938, 43.6190131331591]]}"
52,6742,TS2023-13-044,2025-03-24,Local Road Reconstruction,SACKVILLE PL&lt;br&gt; From: BOWMAN ST&lt;br&gt; To: RAWLINGS AVE ,"Replacement of the entire road pavement structure, including the asphalt and underlying support materials. Repair, improvement, or replacement of: road drainage, curbs, boulevards and sidewalks. Work may include the closure of individual lanes or the entire road.  Also, includes the replacement of the City-owned portion of substandard water service connections. The property owner is encouraged to replace the private portion of the substandard water service connection, as well. Also, includes the replacement of the City-owned portion of substandard water service connections. The property owner is encouraged to replace the private portion of the substandard water service connection, as well.",Q4 2025 - Q3 2026,Active,1 - Projects with approved or allocated funding in the Capital Works Program.,Transportation Services,"Amran Durrani, Engineering and Construction Services",adurran2@toronto.ca,https://www.toronto.ca/services-payments/streets-parking-transportation/road-maintenance/road-sidewalk-repair/,TS_Road_Reconstruction,12,2025,EXTERNAL,"{""type"": ""LineString"", ""coordinates"": [[-79.3641587769398, 43.6660933151395], [-79.3635261310259, 43.6662363354209]]}"
53,6826, ,2025-09-18,Local Road Reconstruction,MILITARY TRL&lt;br&gt; From: EAST HIGHLAND CREEK&lt;br&gt; To: HIGHCASTLE RD ,"Replacement of the entire road pavement structure, including the asphalt and underlying support materials. Repair, improvement, or replacement of: road drainage, curbs, boulevards and sidewalks. Work may include the closure of individual lanes or the entire road.  Also, includes the replacement of the City-owned portion of substandard water service connections. The property owner is encouraged to replace the private portion of the substandard water service connection, as well.",Q1 2022 - Q4 2025 (Carry-Over),Active,1 - Projects with approved or allocated funding in the Capital Works Program.,Transportation Services,"Steven Bertolo, Engineering and Construction Services",sbertol@toronto.ca,https://www.toronto.ca/services-payments/streets-parking-transportation/road-maintenance/road-sidewalk-repair/,TS_Road_Reconstruction,12,2021,EXTERNAL,"{""type"": ""LineString"", ""coordinates"": [[-79.2156789503788, 43.7840665592682], [-79.215622465804, 43.784112055445], [-79.2155803660269, 43.7841661573814], [-79.2155002979552, 43.784246188006], [-79.2150545239443, 43.7849107643258], [-79.2150073651678, 43.7849831689574], [-79.2149539848702, 43.7850365998439], [-79.2148845024549, 43.7851083438688], [-79.2148189818533, 43.7851620864484], [-79.214674615043, 43.7852967594842], [-79.2144252813211, 43.7854843740632], [-79.2141934273707, 43.785664403336], [-79.2141212818505, 43.7857338305359], [-79.2140508049784, 43.7857896611383], [-79.2140186270555, 43.7858154058046], [-79.2139814453889, 43.7858612923972]]}"
54,6856, ,2025-10-14,Local Road Rehabilitation,CARLTON ST&lt;br&gt; From: PARLIAMENT ST&lt;br&gt; To: BROADCAST LANE ,"Replacement of partial road pavement structure or entire road pavement structure for either partial lane width, full lane width or full road width. This could include the asphalt and underlying support materials. Repair, improvement or replacement of road drainage, damaged sidewalk, boulevards and curbs. Work may include the closure of individual lanes or the entire road.",Q1 2025 - Q3 2025,Active,,Transportation Services,"Jessica Orjuela, Engineering and Construction Services",jorjuel@toronto.ca,https://www.toronto.ca/services-payments/streets-parking-transportation/road-maintenance/road-sidewalk-repair/,TS_Road_Reconstruction,12,2025,EXTERNAL,"{""type"": ""LineString"", ""coordinates"": [[-79.3680571008485, 43.664463438273], [-79.3674857192746, 43.6645993879443]]}"
55,6859, ,2025-10-14,Local Road Reconstruction,[S] HIGHLAND AVE [BRANCH]&lt;br&gt; From: HIGHLAND GDNS&lt;br&gt; To: [45.70 m E] HIGHLAND GDNS ,"Replacement of the entire road pavement structure, including the asphalt and underlying support materials. Repair, improvement, or replacement of: road drainage, curbs, boulevards and sidewalks. Work may include the closure of individual lanes or the entire road.  Also, includes the replacement of the City-owned portion of substandard water service connections. The property owner is encouraged to replace the private portion of the substandard water service connection, as well. Also, includes the replacement of the City-owned portion of substandard water service connections. The property owner is encouraged to replace the private portion of the substandard water service connection, as well.",Q3 2025 - Q4 2026,Active,1 - Projects with approved or allocated funding in the Capital Works Program.,Transportation Services,"Marfique Ahmed, Engineering and Construction Services",mahmed2@toronto.ca,https://www.toronto.ca/services-payments/streets-parking-transportation/road-maintenance/road-sidewalk-repair/,TS_Road_Reconstruction,12,2025,EXTERNAL,"{""type"": ""LineString"", ""coordinates"": [[-79.3815816319326, 43.6824393660884], [-79.3814447258037, 43.6824678015376], [-79.3813885925331, 43.6824748876452], [-79.3813334539154, 43.6824769736302], [-79.3812753746204, 43.6824733407027], [-79.3812202555661, 43.682466138202], [-79.38114841278, 43.6824510592442], [-79.3810608091521, 43.6824335694948]]}"
56,6860, ,2025-10-14,Local Road Rehabilitation,REGENT ST&lt;br&gt; From: ST BARTHOLOMEW ST&lt;br&gt; To: DUNDAS ST E ,"Replacement of partial road pavement structure or entire road pavement structure for either partial lane width, full lane width or full road width. This could include the asphalt and underlying support materials. Repair, improvement or replacement of road drainage, damaged sidewalk, boulevards and curbs. Work may include the closure of individual lanes or the entire road.",Q3 2025 - Q4 2026,Active,,Transportation Services,"Marfique Ahmed, Engineering and Construction Services",mahmed2@toronto.ca,https://www.toronto.ca/services-payments/streets-parking-transportation/road-maintenance/road-sidewalk-repair/,TS_Road_Reconstruction,12,2025,EXTERNAL,"{""type"": ""LineString"", ""coordinates"": [[-79.3642448102343, 43.6591221633683], [-79.3644998900192, 43.6597622879658]]}"
57,7654, ,2026-04-21,Laneway Reconstruction,[31 m E] EILEEN AVE&lt;br&gt; From: [39 m N] FLORENCE AVE&lt;br&gt; To: [70 m N] FLORENCE AVE ,"Replacement of the entire laneway pavement structure, including the asphalt, concrete and underlying support materials. Repair, improvement, or replacement of laneway drainage, curbs, and associated areas. Work may include the closure of individual lanes or the entire laneway. Also, includes the replacement of the City-owned portion of substandard water service connections. The property owner is encouraged to replace the private portion of the substandard water service connection, as well.",Q2 2026 - Q4 2026,Active,1 - Projects with approved or allocated funding in the Capital Works Program.,Transportation Services,"Niloufar Mohajerani, Engineering and Construction Services",nmohaje@toronto.ca,https://www.toronto.ca/services-payments/streets-parking-transportation/road-maintenance/road-sidewalk-repair/,TS_Road_Reconstruction,12,2026,EXTERNAL,"{""type"": ""LineString"", ""coordinates"": [[-79.4946385510168, 43.6699354210539], [-79.4949789913813, 43.6700994974601]]}"
58,7674, ,2026-02-11,Local Road Reconstruction,QUEEN ELIZABETH BLVD&lt;br&gt; From: ROYAL YORK RD&lt;br&gt; To: CANMOTOR AVE ,"Replacement of the entire road pavement structure, including the asphalt and underlying support materials. Repair, improvement, or replacement of: road drainage, curbs, boulevards and sidewalks. Work may include the closure of individual lanes or the entire road.  Also, includes the replacement of the City-owned portion of substandard water service connections. The property owner is encouraged to replace the private portion of the substandard water service connection, as well. Also, includes the replacement of the City-owned portion of substandard water service connections. The property owner is encouraged to replace the private portion of the substandard water service connection, as well.",Q3 2026 - Q3 2027,Active,1 - Projects with approved or allocated funding in the Capital Works Program.,Transportation Services,"Nicholas Mah, Engineering and Construction Services",nmah@toronto.ca,https://www.toronto.ca/services-payments/streets-parking-transportation/road-maintenance/road-sidewalk-repair/,TS_Road_Reconstruction,12,2026,EXTERNAL,"{""type"": ""LineString"", ""coordinates"": [[-79.5024114897152, 43.62332421573], [-79.50238831985, 43.623231465748], [-79.5023765482619, 43.6231957871272], [-79.5023476768618, 43.6230885242889], [-79.502391564286, 43.6230560292091], [-79.5024931686164, 43.6230238542183], [-79.5059383076482, 43.6222961012901], [-79.5086603410743, 43.6217266767635], [-79.5104959110868, 43.6213926562924], [-79.5115732591841, 43.6211650507351], [-79.5117278712598, 43.6211414440896], [-79.5120476160102, 43.6211074512303], [-79.512187063814, 43.6211063553806], [-79.5122988421262, 43.621098267347], [-79.5125856955201, 43.6211110406292], [-79.5126262010587, 43.6211211699473], [-79.5127254676382, 43.6211613169201], [-79.5127903514855, 43.6212174982648], [-79.5128860912137, 43.6213816974857], [-79.5129525632846, 43.6215272517268], [-79.5129642841548, 43.6217029542579], [-79.5129053071663, 43.6218943803404], [-79.5128157886533, 43.6220136095358], [-79.5126016104699, 43.6222467337542], [-79.5125470483571, 43.6223629839086], [-79.5125368398686, 43.6224478349775], [-79.5125415420439, 43.6225485079798], [-79.5125764302078, 43.6226699961131], [-79.5127198820854, 43.6230366155614], [-79.5127314291368, 43.623095064896], [-79.5127345171743, 43.6231841361487], [-79.5127067126589, 43.6232585304477], [-79.5126600556551, 43.6232997503533], [-79.5126288101257, 43.6233273233097], [-79.5125609765848, 43.6233615613223], [-79.5124218206509, 43.6234032863331], [-79.5123754563584, 43.6234171796277], [-79.511436969647, 43.6236306790489]]}"
59,7875, ,2026-03-19,Local Road Reconstruction,RIDELLE AVE&lt;br&gt; From: MARWOOD RD&lt;br&gt; To: FERNWOOD RD ,"Replacement of the entire road pavement structure, including the asphalt and underlying support materials. Repair, improvement, or replacement of: road drainage, curbs, boulevards and sidewalks. Work may include the closure of individual lanes or the entire road.  Also, includes the replacement of the City-owned portion of substandard water service connections. The property owner is encouraged to replace the private portion of the substandard water service connection, as well. Also, includes the replacement of the City-owned portion of substandard water service connections. The property owner is encouraged to replace the private portion of the substandard water service connection, as well.",Q2 2026 - Q4 2027,Active,1 - Projects with approved or allocated funding in the Capital Works Program.,Transportation Services,"Lucas Da Costa, Engineering and Construction Services",ldacost@toronto.ca,https://www.toronto.ca/services-payments/streets-parking-transportation/road-maintenance/road-sidewalk-repair/,TS_Road_Reconstruction,12,2026,EXTERNAL,"{""type"": ""LineString"", ""coordinates"": [[-79.4352586953962, 43.7053528781632], [-79.4364077172101, 43.705102179694]]}"
60,7898, ,2026-03-19,Local Road Reconstruction,RIDELLE AVE&lt;br&gt; From: BURMONT RD&lt;br&gt; To: OLD PARK RD ,"Replacement of the entire road pavement structure, including the asphalt and underlying support materials. Repair, improvement, or replacement of: road drainage, curbs, boulevards and sidewalks. Work may include the closure of individual lanes or the entire road.  Also, includes the replacement of the City-owned portion of substandard water service connections. The property owner is encouraged to replace the private portion of the substandard water service connection, as well. Also, includes the replacement of the City-owned portion of substandard water service connections. The property owner is encouraged to replace the private portion of the substandard water service connection, as well.",Q2 2026 - Q4 2027,Active,1 - Projects with approved or allocated funding in the Capital Works Program.,Transportation Services,"Lucas Da Costa, Engineering and Construction Services",ldacost@toronto.ca,https://www.toronto.ca/services-payments/streets-parking-transportation/road-maintenance/road-sidewalk-repair/,TS_Road_Reconstruction,12,2026,EXTERNAL,"{""type"": ""LineString"", ""coordinates"": [[-79.4318104838685, 43.7060823742306], [-79.4329630691003, 43.7058560969965]]}"
61,7983, ,2026-04-21,Local Road Reconstruction,WEST HILL DR&lt;br&gt; From: LAWRENCE AVE E&lt;br&gt; To: KINGSTON RD ,"Replacement of the entire road pavement structure, including the asphalt and underlying support materials. Repair, improvement, or replacement of: road drainage, curbs, boulevards and sidewalks. Work may include the closure of individual lanes or the entire road.  Also, includes the replacement of the City-owned portion of substandard water service connections. The property owner is encouraged to replace the private portion of the substandard water service connection, as well. Also, includes the replacement of the City-owned portion of substandard water service connections. The property owner is encouraged to replace the private portion of the substandard water service connection, as well.",Q2 2026 - Q4 2026,Active,1 - Projects with approved or allocated funding in the Capital Works Program.,Transportation Services,"Niloufar Mohajerani, Engineering and Construction Services",nmohaje@toronto.ca,https://www.toronto.ca/services-payments/streets-parking-transportation/road-maintenance/road-sidewalk-repair/,TS_Road_Reconstruction,12,2026,EXTERNAL,"{""type"": ""LineString"", ""coordinates"": [[-79.1798927774532, 43.7698408574246], [-79.180921252663, 43.7722488443744], [-79.1816823595394, 43.7740183311175], [-79.181731009347, 43.7741562734533], [-79.1817424416343, 43.7742377396766], [-79.1817559650317, 43.7743163124469]]}"
62,8016,1,2026-05-21,Local Road Reconstruction,DAWLISH AVE&lt;br&gt; From: DANESWOOD RD&lt;br&gt; To: BAYVIEW AVE ,"Replacement of the entire road pavement structure, including the asphalt and underlying support materials. Repair, improvement, or replacement of: road drainage, curbs, boulevards and sidewalks. Work may include the closure of individual lanes or the entire road.  Also, includes the replacement of the City-owned portion of substandard water service connections. The property owner is encouraged to replace the private portion of the substandard water service connection, as well. Also, includes the replacement of the City-owned portion of substandard water service connections. The property owner is encouraged to replace the private portion of the substandard water service connection, as well.",2027 - 2030,Active,1 - Projects with approved or allocated funding in the Capital Works Program.,Transportation Services,&lt;Null&gt; Transportation Roads State of Good Repair,RoadSOGR@toronto.ca,https://www.toronto.ca/services-payments/streets-parking-transportation/road-maintenance/road-sidewalk-repair/,TS_Road_Reconstruction,12,2027,EXTERNAL,"{""type"": ""LineString"", ""coordinates"": [[-79.3819177709487, 43.7241363723062], [-79.379706620262, 43.7246178780895]]}"
63,8071,1,2026-03-11,Local Road Reconstruction,BRAESIDE CRES&lt;br&gt; From: BRAESIDE RD&lt;br&gt; To: [1 m E] BRAESIDE RD [CITY LIMITS] ,"Replacement of the entire road pavement structure, including the asphalt and underlying support materials. Repair, improvement, or replacement of: road drainage, curbs, boulevards and sidewalks. Work may include the closure of individual lanes or the entire road.  Also, includes the replacement of the City-owned portion of substandard water service connections. The property owner is encouraged to replace the private portion of the substandard water service connection, as well. Also, includes the replacement of the City-owned portion of substandard water service connections. The property owner is encouraged to replace the private portion of the substandard water service connection, as well.",Q2 2026 - Q4 2026,Active,1 - Projects with approved or allocated funding in the Capital Works Program.,Transportation Services,"Osa Ehioghiren, Engineering and Construction Services",oehiogh@toronto.ca,https://www.toronto.ca/services-payments/streets-parking-transportation/road-maintenance/road-sidewalk-repair/,TS_Road_Reconstruction,12,2027,EXTERNAL,"{""type"": ""LineString"", ""coordinates"": [[-79.3905438757911, 43.7291351132711], [-79.3904295275255, 43.729155812771]]}"
64,8124, ,2022-08-29,Local Road Reconstruction,HOLLAMAN RD&lt;br&gt; From: GLEN PARK AVE&lt;br&gt; To: [40 m N] GLEN PARK AVE ,"Replacement of the entire road pavement structure, including the asphalt and underlying support materials. Repair, improvement, or replacement of: road drainage, curbs, boulevards and sidewalks. Work may include the closure of individual lanes or the entire road.  Also, includes the replacement of the City-owned portion of substandard water service connections. The property owner is encouraged to replace the private portion of the substandard water service connection, as well. Also, includes the replacement of the City-owned portion of substandard water service connections. The property owner is encouraged to replace the private portion of the substandard water service connection, as well.",Q3 2026 - Q2 2027,Active,1 - Projects with approved or allocated funding in the Capital Works Program.,Transportation Services,"Matthew McAinsh, Engineering and Construction Services",mmcains@toronto.ca,https://www.toronto.ca/services-payments/streets-parking-transportation/road-maintenance/road-sidewalk-repair/,TS_Road_Reconstruction,12,2026,EXTERNAL,"{""type"": ""LineString"", ""coordinates"": [[-79.4294173872541, 43.7130262491248], [-79.4298163688248, 43.713266387425]]}"
65,8145, ,2021-07-12,Local Road Rehabilitation,CARLING AVE&lt;br&gt; From: BLOOR ST W&lt;br&gt; To: IRENE AVE ,"Replacement of partial road pavement structure or entire road pavement structure for either partial lane width, full lane width or full road width. This could include the asphalt and underlying support materials. Repair, improvement or replacement of road drainage, damaged sidewalk, boulevards and curbs. Work may include the closure of individual lanes or the entire road.",Q1 2024 - Q2 2025 (Carry-Over),Active,,Transportation Services,"Dennis Coronel, Engineering and Construction Services",dcorone@toronto.ca,https://www.toronto.ca/services-payments/streets-parking-transportation/road-maintenance/road-sidewalk-repair/,TS_Road_Reconstruction,12,2024,EXTERNAL,"{""type"": ""LineString"", ""coordinates"": [[-79.4246453518477, 43.6621985657573], [-79.4248081618785, 43.6626166142716], [-79.4248969649302, 43.6628446316204]]}"
66,8344, ,2023-03-24,Major Road Reconstruction,BLOOR ST W&lt;br&gt; From: BEDFORD RD&lt;br&gt; To: DEVONSHIRE PL ,"Replacement of the entire road pavement structure, including the asphalt and underlying support materials. Repair, improvement, or replacement of: road drainage, curbs, boulevards and sidewalks. Work may include the closure of individual lanes or the entire road.  Also, includes the replacement of the City-owned portion of substandard water service connections. The property owner is encouraged to replace the private portion of the substandard water service connection, as well. Also, includes the replacement of the City-owned portion of substandard water service connections. The property owner is encouraged to replace the private portion of the substandard water service connection, as well.",Q3 2023 - Q2 2025 (Carry-Over),Active,1 - Projects with approved or allocated funding in the Capital Works Program.,Transportation Services,"Ahmed Bhabha, Engineering and Construction Services",abhabha@toronto.ca,https://www.toronto.ca/services-payments/streets-parking-transportation/road-maintenance/road-sidewalk-repair/,TS_Road_Reconstruction,12,2023,EXTERNAL,"{""type"": ""LineString"", ""coordinates"": [[-79.3973807881437, 43.6680332274401], [-79.3983645805034, 43.667831627684]]}"
67,8359, ,2023-02-13,Local Road Rehabilitation,MACPHERSON AVE&lt;br&gt; From: SPADINA RD (TO)&lt;br&gt; To: WALMER RD ,"Replacement of partial road pavement structure or entire road pavement structure for either partial lane width, full lane width or full road width. This could include the asphalt and underlying support materials. Repair, improvement or replacement of road drainage, damaged sidewalk, boulevards and curbs. Work may include the closure of individual lanes or the entire road.",Q3 2026 - Q2 2027,Active,,Transportation Services,"Lucas Da Costa, Engineering and Construction Services",ldacost@toronto.ca,https://www.toronto.ca/services-payments/streets-parking-transportation/road-maintenance/road-sidewalk-repair/,TS_Road_Reconstruction,12,2026,EXTERNAL,"{""type"": ""LineString"", ""coordinates"": [[-79.4074931331635, 43.6758691741159], [-79.4080897468529, 43.6757501952466], [-79.4086770638926, 43.6756331312167]]}"
68,8367, ,2023-02-13,Local Road Rehabilitation,CORTLEIGH BLVD&lt;br&gt; From: AVENUE RD&lt;br&gt; To: MONA DR ,"Replacement of partial road pavement structure or entire road pavement structure for either partial lane width, full lane width or full road width. This could include the asphalt and underlying support materials. Repair, improvement or replacement of road drainage, damaged sidewalk, boulevards and curbs. Work may include the closure of individual lanes or the entire road.",Q2 2026 - Q4 2026,Active,,Transportation Services,"Osa Ehioghiren, Engineering and Construction Services",oehiogh@toronto.ca,https://www.toronto.ca/services-payments/streets-parking-transportation/road-maintenance/road-sidewalk-repair/,TS_Road_Reconstruction,12,2026,EXTERNAL,"{""type"": ""LineString"", ""coordinates"": [[-79.4117758968158, 43.7130486454782], [-79.4135913428213, 43.7126674831447], [-79.4156786733477, 43.7122280026321], [-79.4162892475766, 43.7120934387677]]}"
69,8369, ,2023-05-05,Laneway Reconstruction,[30 m E] WINNIFRED AVE&lt;br&gt; From: [33.50 m N] EASTERN AVE&lt;br&gt; To: [35.10 m S] QUEEN ST E ,"Replacement of the entire laneway pavement structure, including the asphalt, concrete and underlying support materials. Repair, improvement, or replacement of laneway drainage, curbs, and associated areas. Work may include the closure of individual lanes or the entire laneway. Also, includes the replacement of the City-owned portion of substandard water service connections. The property owner is encouraged to replace the private portion of the substandard water service connection, as well.",2027,Active,1 - Projects with approved or allocated funding in the Capital Works Program.,Transportation Services,"Shahid Virk, Engineering and Construction Services",svirk@toronto.ca,https://www.toronto.ca/services-payments/streets-parking-transportation/road-maintenance/road-sidewalk-repair/,TS_Road_Reconstruction,12,2027,EXTERNAL,"{""type"": ""LineString"", ""coordinates"": [[-79.3348009845398, 43.6596999376606], [-79.3356450503918, 43.6616500378625]]}"
70,8370, ,2023-05-19,Local Road Reconstruction,AMHERST AVE&lt;br&gt; From: WESTMOUNT AVE&lt;br&gt; To: NORTHCLIFFE BLVD ,"Replacement of the entire road pavement structure, including the asphalt and underlying support materials. Repair, improvement, or replacement of: road drainage, curbs, boulevards and sidewalks. Work may include the closure of individual lanes or the entire road.  Also, includes the replacement of the City-owned portion of substandard water service connections. The property owner is encouraged to replace the private portion of the substandard water service connection, as well. Also, includes the replacement of the City-owned portion of substandard water service connections. The property owner is encouraged to replace the private portion of the substandard water service connection, as well.",Q3 2025 - Q4 2028 (Carry-Over),Active,1 - Projects with approved or allocated funding in the Capital Works Program.,Transportation Services,"Marfique Ahmed, Engineering and Construction Services",mahmed2@toronto.ca,https://www.toronto.ca/services-payments/streets-parking-transportation/road-maintenance/road-sidewalk-repair/,TS_Road_Reconstruction,12,2024,EXTERNAL,"{""type"": ""LineString"", ""coordinates"": [[-79.44575001914, 43.6904886833956], [-79.4468253424522, 43.6902652579895]]}"
71,8411, ,2023-05-09,Major Road Rehabilitation,DUNCAN ST&lt;br&gt; From: NELSON ST (TO)&lt;br&gt; To: RICHMOND ST W ,"Replacement of partial road pavement structure or entire road pavement structure for either partial lane width, full lane width or full road width. This could include the asphalt and underlying support materials. Repair, improvement or replacement of road drainage, damaged sidewalk, boulevards and curbs. Work may include the closure of individual lanes or the entire road.",Q1 2027 - Q4 2027,Active,,Transportation Services,"Christy Manoharan, Engineering and Construction Services",cmanoha@toronto.ca,https://www.toronto.ca/services-payments/streets-parking-transportation/road-maintenance/road-sidewalk-repair/,TS_Road_Reconstruction,12,2027,EXTERNAL,"{""type"": ""LineString"", ""coordinates"": [[-79.3889254829888, 43.6488121554155], [-79.389043209377, 43.6491094398326], [-79.3891808409803, 43.6494570313201]]}"
72,8420,TS2023-13-139,2023-09-26,Laneway Reconstruction,CALLAGHAN LANE&lt;br&gt; From: BERKELEY ST&lt;br&gt; To: PARLIAMENT ST ,"Replacement of the entire laneway pavement structure, including the asphalt, concrete and underlying support materials. Repair, improvement, or replacement of laneway drainage, curbs, and associated areas. Work may include the closure of individual lanes or the entire laneway. Also, includes the replacement of the City-owned portion of substandard water service connections. The property owner is encouraged to replace the private portion of the substandard water service connection, as well.",Q4 2025 - Q3 2026 (Carry-Over),Active,1 - Projects with approved or allocated funding in the Capital Works Program.,Transportation Services,"Amran Durrani, Engineering and Construction Services",adurran2@toronto.ca,https://www.toronto.ca/services-payments/streets-parking-transportation/road-maintenance/road-sidewalk-repair/,TS_Road_Reconstruction,12,2025,EXTERNAL,"{""type"": ""LineString"", ""coordinates"": [[-79.3675321846406, 43.6595666170583], [-79.3661821836771, 43.6598516538301]]}"
73,8453,TS2023-09-011,2023-02-13,Local Road Rehabilitation,ASCOT AVE&lt;br&gt; From: BOON AVE&lt;br&gt; To: EARLSCOURT AVE ,"Replacement of partial road pavement structure or entire road pavement structure for either partial lane width, full lane width or full road width. This could include the asphalt and underlying support materials. Repair, improvement or replacement of road drainage, damaged sidewalk, boulevards and curbs. Work may include the closure of individual lanes or the entire road.",Q3 2026 - Q2 2027,Active,,Transportation Services,"Lucas Da Costa, Engineering and Construction Services",ldacost@toronto.ca,https://www.toronto.ca/services-payments/streets-parking-transportation/road-maintenance/road-sidewalk-repair/,TS_Road_Reconstruction,12,2026,EXTERNAL,"{""type"": ""LineString"", ""coordinates"": [[-79.4471291729001, 43.6794463072249], [-79.4483381993882, 43.6791741606789]]}"
74,8770, ,2023-10-30,Local Road Reconstruction,WANLESS CRES&lt;br&gt; From: WANLESS AVE&lt;br&gt; To: [E] BRAESIDE RD [CITY LIMITS] ,"Replacement of the entire road pavement structure, including the asphalt and underlying support materials. Repair, improvement, or replacement of: road drainage, curbs, boulevards and sidewalks. Work may include the closure of individual lanes or the entire road.  Also, includes the replacement of the City-owned portion of substandard water service connections. The property owner is encouraged to replace the private portion of the substandard water service connection, as well. Also, includes the replacement of the City-owned portion of substandard water service connections. The property owner is encouraged to replace the private portion of the substandard water service connection, as well.",Q4 2025 - Q3 2026 (Carry-Over),Active,1 - Projects with approved or allocated funding in the Capital Works Program.,Transportation Services,"Christy Manoharan, Engineering and Construction Services",cmanoha@toronto.ca,https://www.toronto.ca/services-payments/streets-parking-transportation/road-maintenance/road-sidewalk-repair/,TS_Road_Reconstruction,12,2025,EXTERNAL,"{""type"": ""LineString"", ""coordinates"": [[-79.3902974312957, 43.7284420446276], [-79.390371317861, 43.728473161684], [-79.3905152493255, 43.7284986948301], [-79.3906592049065, 43.7285171789492], [-79.3908440224484, 43.7285230020713], [-79.3910035909218, 43.7285161081759], [-79.3912021026766, 43.7284866571272], [-79.3913656441166, 43.7284317890138], [-79.3915331273827, 43.7283515391172], [-79.3916480509961, 43.7282867302922], [-79.3917883247868, 43.7281852734111], [-79.3918682376245, 43.7281035079852], [-79.3919579460683, 43.7279921376891], [-79.3920067177683, 43.7279145742056], [-79.392057487223, 43.7278172629703], [-79.3920926624174, 43.7277284089555], [-79.3921239543733, 43.7275686026018]]}"
75,9020,TS2023-09-011,2023-02-13,Local Road Rehabilitation,ASCOT AVE&lt;br&gt; From: ST CLAIR GDNS&lt;br&gt; To: BOON AVE ,"Replacement of partial road pavement structure or entire road pavement structure for either partial lane width, full lane width or full road width. This could include the asphalt and underlying support materials. Repair, improvement or replacement of road drainage, damaged sidewalk, boulevards and curbs. Work may include the closure of individual lanes or the entire road.",Q3 2026 - Q2 2027,Active,,Transportation Services,"Lucas Da Costa, Engineering and Construction Services",ldacost@toronto.ca,https://www.toronto.ca/services-payments/streets-parking-transportation/road-maintenance/road-sidewalk-repair/,TS_Road_Reconstruction,12,2026,EXTERNAL,"{""type"": ""LineString"", ""coordinates"": [[-79.4459694905645, 43.6796988576399], [-79.4465083593762, 43.6795814989939], [-79.4471291729001, 43.6794463072249]]}"
76,9066,1,2024-03-14,Local Road Reconstruction,BUCKINGHAM AVE&lt;br&gt; From: ST IVES AVE&lt;br&gt; To: [32.60 m] ST IVES AVE [CITY LIMITS] ,"Replacement of the entire road pavement structure, including the asphalt and underlying support materials. Repair, improvement, or replacement of: road drainage, curbs, boulevards and sidewalks. Work may include the closure of individual lanes or the entire road.  Also, includes the replacement of the City-owned portion of substandard water service connections. The property owner is encouraged to replace the private portion of the substandard water service connection, as well. Also, includes the replacement of the City-owned portion of substandard water service connections. The property owner is encouraged to replace the private portion of the substandard water service connection, as well.",Q4 2027 - Q1 2030,Active,1 - Projects with approved or allocated funding in the Capital Works Program.,Transportation Services,"Harry Persaud, Engineering and Construction Services",hpersau3@toronto.ca,https://www.toronto.ca/services-payments/streets-parking-transportation/road-maintenance/road-sidewalk-repair/,TS_Road_Reconstruction,12,2027,EXTERNAL,"{""type"": ""LineString"", ""coordinates"": [[-79.3904034038827, 43.7265557747091], [-79.3901317578124, 43.7266286111942], [-79.3898757853593, 43.726695999282]]}"
77,9096,1,2024-03-14,Local Road Reconstruction,ST LEONARDS CRES&lt;br&gt; From: ST LEONARDS AVE&lt;br&gt; To: DAWLISH AVE ,"Replacement of the entire road pavement structure, including the asphalt and underlying support materials. Repair, improvement, or replacement of: road drainage, curbs, boulevards and sidewalks. Work may include the closure of individual lanes or the entire road.  Also, includes the replacement of the City-owned portion of substandard water service connections. The property owner is encouraged to replace the private portion of the substandard water service connection, as well. Also, includes the replacement of the City-owned portion of substandard water service connections. The property owner is encouraged to replace the private portion of the substandard water service connection, as well.",Q4 2027 - Q1 2030,Active,1 - Projects with approved or allocated funding in the Capital Works Program.,Transportation Services,"Harry Persaud, Engineering and Construction Services",hpersau3@toronto.ca,https://www.toronto.ca/services-payments/streets-parking-transportation/road-maintenance/road-sidewalk-repair/,TS_Road_Reconstruction,12,2027,EXTERNAL,"{""type"": ""LineString"", ""coordinates"": [[-79.3887718742843, 43.7237594020805], [-79.3887339277786, 43.7237414616731], [-79.3886770081116, 43.723713854342], [-79.3885830754939, 43.723666937445], [-79.3884872590131, 43.7236186405419], [-79.3883819533554, 43.723559991862], [-79.3882425397906, 43.7234751692258], [-79.3881239918271, 43.723389637742], [-79.3880118406689, 43.7233156790014], [-79.3878695675333, 43.7232141098886], [-79.3876617295223, 43.7230827441636], [-79.3875622437126, 43.72301967183], [-79.3874907278577, 43.7229994827745], [-79.3874814849419, 43.722996863315], [-79.3873757562745, 43.7229736520902]]}"
78,9118, ,2024-04-05,Laneway Reconstruction,[31.40 m N] ST CLAIR AVE W&lt;br&gt; From: SILVERTHORN AVE&lt;br&gt; To: CLOVERDALE RD ,"Replacement of the entire laneway pavement structure, including the asphalt, concrete and underlying support materials. Repair, improvement, or replacement of laneway drainage, curbs, and associated areas. Work may include the closure of individual lanes or the entire laneway. Also, includes the replacement of the City-owned portion of substandard water service connections. The property owner is encouraged to replace the private portion of the substandard water service connection, as well.",Q1 2025 - Q4 2025 (Carry-Over),Active,1 - Projects with approved or allocated funding in the Capital Works Program.,Transportation Services,"Matthew McAinsh, Engineering and Construction Services",mmcains@toronto.ca,https://www.toronto.ca/services-payments/streets-parking-transportation/road-maintenance/road-sidewalk-repair/,TS_Road_Reconstruction,12,2024,EXTERNAL,"{""type"": ""LineString"", ""coordinates"": [[-79.4601960815277, 43.6746117523388], [-79.4616994597075, 43.6742792673888]]}"
79,9123,TS2023-19-440,2024-03-14,Local Road Rehabilitation,BARKER AVE (E YK)&lt;br&gt; From: KING EDWARD AVE&lt;br&gt; To: GLEDHILL AVE ,"Replacement of partial road pavement structure or entire road pavement structure for either partial lane width, full lane width or full road width. This could include the asphalt and underlying support materials. Repair, improvement or replacement of road drainage, damaged sidewalk, boulevards and curbs. Work may include the closure of individual lanes or the entire road.",Q1 2027 - Q4 2027,Active,,Transportation Services,"Christy Manoharan, Engineering and Construction Services",cmanoha@toronto.ca,https://www.toronto.ca/services-payments/streets-parking-transportation/road-maintenance/road-sidewalk-repair/,TS_Road_Reconstruction,12,2027,EXTERNAL,"{""type"": ""LineString"", ""coordinates"": [[-79.3134045612865, 43.6950339831121], [-79.3122779029998, 43.6952964072236]]}"
80,9178,TS2023-13-001,2024-04-25,Major Road Reconstruction,[N] GERRARD ST E [BRANCH]&lt;br&gt; From: GERRARD ST E&lt;br&gt; To: PARLIAMENT ST ,"Replacement of the entire road pavement structure, including the asphalt and underlying support materials. Repair, improvement, or replacement of: road drainage, curbs, boulevards and sidewalks. Work may include the closure of individual lanes or the entire road.  Also, includes the replacement of the City-owned portion of substandard water service connections. The property owner is encouraged to replace the private portion of the substandard water service connection, as well. Also, includes the replacement of the City-owned portion of substandard water service connections. The property owner is encouraged to replace the private portion of the substandard water service connection, as well.",Q1 2027 - Q1 2028,Active,1 - Projects with approved or allocated funding in the Capital Works Program.,Transportation Services,"Marilia Cimini, Engineering and Construction Services",mcimini@toronto.ca,https://www.toronto.ca/services-payments/streets-parking-transportation/road-maintenance/road-sidewalk-repair/,TS_Road_Reconstruction,12,2025,EXTERNAL,"{""type"": ""LineString"", ""coordinates"": [[-79.3681759581657, 43.6621129619358], [-79.3671914091739, 43.6623343336908]]}"
81,9207,TS2023-13-097,2024-04-16,Local Road Rehabilitation,SEATON ST&lt;br&gt; From: SHUTER ST&lt;br&gt; To: DUNDAS ST E ,"Replacement of partial road pavement structure or entire road pavement structure for either partial lane width, full lane width or full road width. This could include the asphalt and underlying support materials. Repair, improvement or replacement of road drainage, damaged sidewalk, boulevards and curbs. Work may include the closure of individual lanes or the entire road.",Q1 2025 - Q3 2025,Active,,Transportation Services,"Angela Au, Engineering and Construction Services",aau2@toronto.ca,https://www.toronto.ca/services-payments/streets-parking-transportation/road-maintenance/road-sidewalk-repair/,TS_Road_Reconstruction,12,2024,EXTERNAL,"{""type"": ""LineString"", ""coordinates"": [[-79.36862064895, 43.6563200859519], [-79.3686234388019, 43.6564347933699], [-79.3688276628731, 43.6569945761227], [-79.3688343056921, 43.6570127934754], [-79.3688388176363, 43.6570251665069], [-79.3688460151363, 43.6570448688177], [-79.3689648016937, 43.6573329654098], [-79.3693147465043, 43.6581815495749], [-79.3693565848024, 43.6582829993802], [-79.3695116514794, 43.6586590313533]]}"
82,9212,TS2023-13-001,2024-04-25,Major Road Reconstruction,GERRARD ST E&lt;br&gt; From: [N] GERRARD ST E [BRANCH]&lt;br&gt; To: PARLIAMENT ST ,"Replacement of the entire road pavement structure, including the asphalt and underlying support materials. Repair, improvement, or replacement of: road drainage, curbs, boulevards and sidewalks. Work may include the closure of individual lanes or the entire road.  Also, includes the replacement of the City-owned portion of substandard water service connections. The property owner is encouraged to replace the private portion of the substandard water service connection, as well. Also, includes the replacement of the City-owned portion of substandard water service connections. The property owner is encouraged to replace the private portion of the substandard water service connection, as well.",Q1 2027 - Q1 2028,Active,1 - Projects with approved or allocated funding in the Capital Works Program.,Transportation Services,"Marilia Cimini, Engineering and Construction Services",mcimini@toronto.ca,https://www.toronto.ca/services-payments/streets-parking-transportation/road-maintenance/road-sidewalk-repair/,TS_Road_Reconstruction,12,2025,EXTERNAL,"{""type"": ""LineString"", ""coordinates"": [[-79.3681759581657, 43.6621129619358], [-79.3670355355869, 43.6619503721934]]}"
83,9246,TS2024-07-026,2024-04-25,Major Road Rehabilitation,YORK GATE BLVD&lt;br&gt; From: FINCH AVE (N YK)&lt;br&gt; To: [90 m S] HULLMAR DR ,"Replacement of partial road pavement structure or entire road pavement structure for either partial lane width, full lane width or full road width. This could include the asphalt and underlying support materials. Repair, improvement or replacement of road drainage, damaged sidewalk, boulevards and curbs. Work may include the closure of individual lanes or the entire road.",Q4 2025 - Q3 2026 (Carry-Over),Active,,Transportation Services,"Tazeen Fatema, Engineering and Construction Services",tfatema@toronto.ca,https://www.toronto.ca/services-payments/streets-parking-transportation/road-maintenance/road-sidewalk-repair/,TS_Road_Reconstruction,12,2025,EXTERNAL,"{""type"": ""LineString"", ""coordinates"": [[-79.5207024166112, 43.7567321291054], [-79.5214560836887, 43.7582764947319], [-79.5214689107933, 43.7583035048966], [-79.5214813392587, 43.758330496232], [-79.5214933715785, 43.7583574975418], [-79.5215042489616, 43.7583845080686], [-79.5215143535261, 43.7584070001422], [-79.5215236677644, 43.7584385025552], [-79.5215322212356, 43.7584610048204], [-79.5215399939401, 43.758488006927], [-79.5215469982981, 43.7585195106731], [-79.521553217044, 43.7585420124763], [-79.5215586566381, 43.7585735156163], [-79.5215637083951, 43.7586005191341], [-79.5215672090387, 43.7586275220441], [-79.5215707221047, 43.7586545258517], [-79.5215726703939, 43.7586815290542], [-79.5215742336994, 43.7587085332294], [-79.5215746283878, 43.7587355367249], [-79.5215746533688, 43.7587670417851], [-79.5215738678862, 43.7587895449082], [-79.5215723405024, 43.7588210502611], [-79.5215700291082, 43.7588480551669], [-79.5215665366716, 43.7588750593953], [-79.5215622755036, 43.7589020736697], [-79.5215576293378, 43.758929069114], [-79.5215522148125, 43.758960575199], [-79.5215456284282, 43.7589830803149], [-79.521538262501, 43.7590100852719], [-79.5215301265919, 43.7590370912734], [-79.5215215920267, 43.7590640973493], [-79.5215021969311, 43.7591046072522], [-79.521481645237, 43.7591406257754], [-79.5214606961042, 43.7591766263669], [-79.5214389757301, 43.7592126370004], [-79.5214161016042, 43.7592486469455], [-79.5213928271971, 43.7592801563663], [-79.5213687732143, 43.7593161755235], [-79.5213439492203, 43.7593521867182], [-79.521317967383, 43.7593836876275], [-79.5212915785313, 43.7594196982021], [-79.5212640458541, 43.7594557098834], [-79.5212361153871, 43.7594872291383], [-79.5212074012418, 43.7595187305293], [-79.521177919917, 43.7595547425508], [-79.5211476657469, 43.7595862532129], [-79.5211166291462, 43.7596177730126], [-79.5210961709434, 43.7596418018629], [-79.521085980321, 43.7596537762242], [-79.5210561110446, 43.7596852867906], [-79.5210274091359, 43.7597168070355], [-79.5209990949986, 43.7597528088936], [-79.5209715495739, 43.7597888196045], [-79.5209443891092, 43.7598248311381], [-79.5209184056188, 43.7598563400553], [-79.5208927974835, 43.759892350392], [-79.5208679717236, 43.7599283605799], [-79.5208439283405, 43.7599643706195], [-79.5208364558879, 43.7599755433564], [-79.5208198725094, 43.7600003806561], [-79.5208039561433, 43.7600183868303], [-79.520788824975, 43.7600408925532], [-79.520774089652, 43.7600588985083], [-79.5207605093031, 43.7600769033515], [-79.5207473294705, 43.7601039102084], [-79.5207349165068, 43.7601219148365], [-79.520723672493, 43.7601444207453], [-79.5207128134655, 43.760166925683], [-79.5207027352879, 43.7601849307844], [-79.5206934162263, 43.7602074354412], [-79.5206852769827, 43.7602299407837], [-79.5206775242813, 43.7602569547505], [-79.5206705508786, 43.7602749493858], [-79.5206647340116, 43.7602974543065], [-79.5206593021359, 43.7603199582572], [-79.5206550500861, 43.7603424709955], [-79.5206515556005, 43.7603649664944], [-79.5206484600785, 43.7603919706159], [-79.5206465316572, 43.7604144739326], [-79.520645371986, 43.7604369771103], [-79.5206452382403, 43.7604453122339], [-79.520670053419, 43.7605543220271], [-79.5206867247553, 43.7606399653056]]}"
84,9261, ,2024-04-12,Major Road Rehabilitation,DUPONT ST&lt;br&gt; From: DAVENPORT RD&lt;br&gt; To: ST GEORGE ST (TO) ,"Replacement of partial road pavement structure or entire road pavement structure for either partial lane width, full lane width or full road width. This could include the asphalt and underlying support materials. Repair, improvement or replacement of road drainage, damaged sidewalk, boulevards and curbs. Work may include the closure of individual lanes or the entire road.",Q4 2026 - Q3 2027,Active,,Transportation Services,"Shahid Virk, Engineering and Construction Services",svirk@toronto.ca,https://www.toronto.ca/services-payments/streets-parking-transportation/road-maintenance/road-sidewalk-repair/,TS_Road_Reconstruction,12,2026,EXTERNAL,"{""type"": ""LineString"", ""coordinates"": [[-79.4025942432102, 43.6758100166045], [-79.403600319043, 43.675594773861]]}"
85,9533, ,2024-07-23,Local Road Rehabilitation,BALMORAL AVE&lt;br&gt; From: POPLAR PLAINS RD&lt;br&gt; To: WARREN RD ,"Replacement of partial road pavement structure or entire road pavement structure for either partial lane width, full lane width or full road width. This could include the asphalt and underlying support materials. Repair, improvement or replacement of road drainage, damaged sidewalk, boulevards and curbs. Work may include the closure of individual lanes or the entire road.",Q2 2026 - Q4 2026,Active,,Transportation Services,"Bill Dakogiannis, Engineering and Construction Services",bdakogi@toronto.ca,https://www.toronto.ca/services-payments/streets-parking-transportation/road-maintenance/road-sidewalk-repair/,TS_Road_Reconstruction,12,2025,EXTERNAL,"{""type"": ""LineString"", ""coordinates"": [[-79.403098067211, 43.6842575369334], [-79.4032636209406, 43.6842311764075], [-79.405550262297, 43.6837768780741]]}"
86,9647, ,2024-03-14,Local Road Reconstruction,GLENALLAN RD&lt;br&gt; From: MILDENHALL RD&lt;br&gt; To: DANESWOOD RD ,"Replacement of the entire road pavement structure, including the asphalt and underlying support materials. Repair, improvement, or replacement of: road drainage, curbs, boulevards and sidewalks. Work may include the closure of individual lanes or the entire road.  Also, includes the replacement of the City-owned portion of substandard water service connections. The property owner is encouraged to replace the private portion of the substandard water service connection, as well. Also, includes the replacement of the City-owned portion of substandard water service connections. The property owner is encouraged to replace the private portion of the substandard water service connection, as well.",Q4 2027 - Q1 2030,Active,1 - Projects with approved or allocated funding in the Capital Works Program.,Transportation Services,"Harry Persaud, Engineering and Construction Services",hpersau3@toronto.ca,https://www.toronto.ca/services-payments/streets-parking-transportation/road-maintenance/road-sidewalk-repair/,TS_Road_Reconstruction,12,2027,EXTERNAL,"{""type"": ""LineString"", ""coordinates"": [[-79.3842067678901, 43.7226071675237], [-79.3816147933836, 43.7231452424089]]}"
87,9698, ,2024-06-28,Major Road Rehabilitation,WELLESLEY ST E&lt;br&gt; From: HOMEWOOD AVE (TO)&lt;br&gt; To: SHERBOURNE ST ,"Replacement of partial road pavement structure or entire road pavement structure for either partial lane width, full lane width or full road width. This could include the asphalt and underlying support materials. Repair, improvement or replacement of road drainage, damaged sidewalk, boulevards and curbs. Work may include the closure of individual lanes or the entire road.",Q1 2026 - Q4 2026,Active,,Transportation Services,"Rooban Markandu, Engineering and Construction Services",rmarkan2@toronto.ca,https://www.toronto.ca/services-payments/streets-parking-transportation/road-maintenance/road-sidewalk-repair/,TS_Road_Reconstruction,12,2025,EXTERNAL,"{""type"": ""LineString"", ""coordinates"": [[-79.3758529017376, 43.6664862708985], [-79.3757151542148, 43.6665228970707], [-79.3755319095527, 43.6665916101116], [-79.3753480007433, 43.6666700723793], [-79.3751682423503, 43.6667655766081], [-79.3750017079836, 43.66687240519], [-79.3748581028492, 43.6669787284524], [-79.3746839177489, 43.6670945180206]]}"
88,9738,TS2023-12-106,2024-06-26,Local Road Rehabilitation,WINONA DR&lt;br&gt; From: [9.80 m N] BARRIE AVE&lt;br&gt; To: WATFORD AVE ,"Replacement of partial road pavement structure or entire road pavement structure for either partial lane width, full lane width or full road width. This could include the asphalt and underlying support materials. Repair, improvement or replacement of road drainage, damaged sidewalk, boulevards and curbs. Work may include the closure of individual lanes or the entire road.",Q2 2024 - Q3 2024,Active,,Transportation Services,"Christy Manoharan, Engineering and Construction Services",cmanoha@toronto.ca,https://www.toronto.ca/services-payments/streets-parking-transportation/road-maintenance/road-sidewalk-repair/,TS_Road_Reconstruction,12,2024,EXTERNAL,"{""type"": ""LineString"", ""coordinates"": [[-79.4328154522714, 43.68080804266], [-79.4328744682301, 43.6808395018142], [-79.4329150694203, 43.6808701661178], [-79.4329423451893, 43.6809084998102], [-79.4329795709501, 43.6809709889518], [-79.4332738158106, 43.681678512999]]}"
89,9859, ,2024-06-28,Major Road Rehabilitation,WELLESLEY ST E&lt;br&gt; From: JARVIS ST&lt;br&gt; To: WELLESLEY PL ,"Replacement of partial road pavement structure or entire road pavement structure for either partial lane width, full lane width or full road width. This could include the asphalt and underlying support materials. Repair, improvement or replacement of road drainage, damaged sidewalk, boulevards and curbs. Work may include the closure of individual lanes or the entire road.",Q1 2026 - Q4 2026,Active,,Transportation Services,"Rooban Markandu, Engineering and Construction Services",rmarkan2@toronto.ca,https://www.toronto.ca/services-payments/streets-parking-transportation/road-maintenance/road-sidewalk-repair/,TS_Road_Reconstruction,12,2025,EXTERNAL,"{""type"": ""LineString"", ""coordinates"": [[-79.3783470452101, 43.6662853080065], [-79.3774153017427, 43.6664850775114], [-79.3773127709555, 43.6665039729333], [-79.3772673732739, 43.6665060593174], [-79.3771889515577, 43.6665157901478], [-79.376986444433, 43.6664726333384], [-79.3768000444419, 43.6664473341763], [-79.3766627877851, 43.666432284456], [-79.3765008836219, 43.6664289195821]]}"
90,9890,TS2023-08-092,2024-06-26,Local Road Reconstruction,GILGORM RD&lt;br&gt; From: EGLINTON AVE W&lt;br&gt; To: NEW HAVEN DR ,"Replacement of the entire road pavement structure, including the asphalt and underlying support materials. Repair, improvement, or replacement of: road drainage, curbs, boulevards and sidewalks. Work may include the closure of individual lanes or the entire road.  Also, includes the replacement of the City-owned portion of substandard water service connections. The property owner is encouraged to replace the private portion of the substandard water service connection, as well. Also, includes the replacement of the City-owned portion of substandard water service connections. The property owner is encouraged to replace the private portion of the substandard water service connection, as well.",Q2 2024 - Q3 2024,Active,1 - Projects with approved or allocated funding in the Capital Works Program.,Transportation Services,"Christy Manoharan, Engineering and Construction Services",cmanoha@toronto.ca,https://www.toronto.ca/services-payments/streets-parking-transportation/road-maintenance/road-sidewalk-repair/,TS_Road_Reconstruction,12,2024,EXTERNAL,"{""type"": ""LineString"", ""coordinates"": [[-79.4170933784138, 43.7027823201514], [-79.4172531182922, 43.7033540116248], [-79.4176274947683, 43.7048709403106], [-79.4179105080564, 43.7060097537411]]}"
91,9894,TS2023-08-230,2024-06-26,Local Road Reconstruction,NEW HAVEN DR&lt;br&gt; From: [49.80 m E] GILGORM RD [END]&lt;br&gt; To: GILGORM RD ,"Replacement of the entire road pavement structure, including the asphalt and underlying support materials. Repair, improvement, or replacement of: road drainage, curbs, boulevards and sidewalks. Work may include the closure of individual lanes or the entire road.  Also, includes the replacement of the City-owned portion of substandard water service connections. The property owner is encouraged to replace the private portion of the substandard water service connection, as well. Also, includes the replacement of the City-owned portion of substandard water service connections. The property owner is encouraged to replace the private portion of the substandard water service connection, as well.",Q2 2024 - Q3 2024,Active,1 - Projects with approved or allocated funding in the Capital Works Program.,Transportation Services,"Christy Manoharan, Engineering and Construction Services",cmanoha@toronto.ca,https://www.toronto.ca/services-payments/streets-parking-transportation/road-maintenance/road-sidewalk-repair/,TS_Road_Reconstruction,12,2024,EXTERNAL,"{""type"": ""LineString"", ""coordinates"": [[-79.417408604062, 43.7061309192784], [-79.4179105080564, 43.7060097537411]]}"
92,9925,TS2023-11-029,2024-06-26,Local Road Rehabilitation,HERRICK ST&lt;br&gt; From: MARKHAM ST&lt;br&gt; To: PALMERSTON BLVD ,"Replacement of partial road pavement structure or entire road pavement structure for either partial lane width, full lane width or full road width. This could include the asphalt and underlying support materials. Repair, improvement or replacement of road drainage, damaged sidewalk, boulevards and curbs. Work may include the closure of individual lanes or the entire road.",Q2 2024 - Q3 2024,Active,,Transportation Services,"Christy Manoharan, Engineering and Construction Services",cmanoha@toronto.ca,https://www.toronto.ca/services-payments/streets-parking-transportation/road-maintenance/road-sidewalk-repair/,TS_Road_Reconstruction,12,2024,EXTERNAL,"{""type"": ""LineString"", ""coordinates"": [[-79.4114576723732, 43.6624292964346], [-79.4126645578283, 43.662169279564]]}"
93,9928,TS2023-12-009,2024-06-26,Local Road Rehabilitation,ARCHER RD&lt;br&gt; From: BROWSIDE AVE&lt;br&gt; To: SPADINA RD (TO) ,"Replacement of partial road pavement structure or entire road pavement structure for either partial lane width, full lane width or full road width. This could include the asphalt and underlying support materials. Repair, improvement or replacement of road drainage, damaged sidewalk, boulevards and curbs. Work may include the closure of individual lanes or the entire road.",Q2 2024 - Q3 2024,Active,,Transportation Services,"Christy Manoharan, Engineering and Construction Services",cmanoha@toronto.ca,https://www.toronto.ca/services-payments/streets-parking-transportation/road-maintenance/road-sidewalk-repair/,TS_Road_Reconstruction,12,2024,EXTERNAL,"{""type"": ""LineString"", ""coordinates"": [[-79.4150224212979, 43.696282978252], [-79.4157924473889, 43.696086726832]]}"
94,9929, ,2024-06-26,Laneway Reconstruction,[23.20 m N] QUEEN ST E&lt;br&gt; From: JONES AVE&lt;br&gt; To: [30.50 m E] JONES AVE ,"Replacement of the entire laneway pavement structure, including the asphalt, concrete and underlying support materials. Repair, improvement, or replacement of laneway drainage, curbs, and associated areas. Work may include the closure of individual lanes or the entire laneway. Also, includes the replacement of the City-owned portion of substandard water service connections. The property owner is encouraged to replace the private portion of the substandard water service connection, as well.",Q4 2023 - Q4 2026 (Carry-Over),Active,1 - Projects with approved or allocated funding in the Capital Works Program.,Transportation Services,"Jessica Orjuela, Engineering and Construction Services",jorjuel@toronto.ca,https://www.toronto.ca/services-payments/streets-parking-transportation/road-maintenance/road-sidewalk-repair/,TS_Road_Reconstruction,12,2023,EXTERNAL,"{""type"": ""LineString"", ""coordinates"": [[-79.3329504462896, 43.6629909150906], [-79.3324316859436, 43.6631086314602]]}"
95,9954,TS2023-11-008,2024-06-26,Local Road Reconstruction,ALBANY AVE&lt;br&gt; From: [E] BARTON AVE [BRANCH]&lt;br&gt; To: [W] BARTON AVE [BRANCH] ,"Replacement of the entire road pavement structure, including the asphalt and underlying support materials. Repair, improvement, or replacement of: road drainage, curbs, boulevards and sidewalks. Work may include the closure of individual lanes or the entire road.  Also, includes the replacement of the City-owned portion of substandard water service connections. The property owner is encouraged to replace the private portion of the substandard water service connection, as well. Also, includes the replacement of the City-owned portion of substandard water service connections. The property owner is encouraged to replace the private portion of the substandard water service connection, as well.",Q2 2024 - Q3 2024,Active,1 - Projects with approved or allocated funding in the Capital Works Program.,Transportation Services,"Christy Manoharan, Engineering and Construction Services",cmanoha@toronto.ca,https://www.toronto.ca/services-payments/streets-parking-transportation/road-maintenance/road-sidewalk-repair/,TS_Road_Reconstruction,12,2024,EXTERNAL,"{""type"": ""LineString"", ""coordinates"": [[-79.4110991128806, 43.6682373685789], [-79.411166032323, 43.6683707897451]]}"
96,10004, ,2024-04-05,Local Road Rehabilitation,FORD ST&lt;br&gt; From: CONNOLLY ST&lt;br&gt; To: ST CLAIR AVE W ,"Replacement of partial road pavement structure or entire road pavement structure for either partial lane width, full lane width or full road width. This could include the asphalt and underlying support materials. Repair, improvement or replacement of road drainage, damaged sidewalk, boulevards and curbs. Work may include the closure of individual lanes or the entire road.",Q1 2025 - Q4 2025 (Carry-Over),Active,,Transportation Services,"Matthew McAinsh, Engineering and Construction Services",mmcains@toronto.ca,https://www.toronto.ca/services-payments/streets-parking-transportation/road-maintenance/road-sidewalk-repair/,TS_Road_Reconstruction,12,2024,EXTERNAL,"{""type"": ""LineString"", ""coordinates"": [[-79.4617647312962, 43.6718978815109], [-79.4625167888994, 43.6736548248326]]}"
97,10063, ,2025-04-12,Local Road Reconstruction,JIMMY WISDOM WAY&lt;br&gt; From: EGLINTON AVE W&lt;br&gt; To: LIVINGSTONE AVE ,"Replacement of the entire road pavement structure, including the asphalt and underlying support materials. Repair, improvement, or replacement of: road drainage, curbs, boulevards and sidewalks. Work may include the closure of individual lanes or the entire road.  Also, includes the replacement of the City-owned portion of substandard water service connections. The property owner is encouraged to replace the private portion of the substandard water service connection, as well. Also, includes the replacement of the City-owned portion of substandard water service connections. The property owner is encouraged to replace the private portion of the substandard water service connection, as well.",Q2 2027 - Q4 2027,Active,1 - Projects with approved or allocated funding in the Capital Works Program.,Transportation Services,"Christy Manoharan, Engineering and Construction Services",cmanoha@toronto.ca,https://www.toronto.ca/services-payments/streets-parking-transportation/road-maintenance/road-sidewalk-repair/,TS_Road_Reconstruction,12,2027,EXTERNAL,"{""type"": ""LineString"", ""coordinates"": [[-79.447332887316, 43.6963589175388], [-79.4476356665481, 43.6971054479328]]}"
98,10129, ,2024-08-14,Major Road Rehabilitation,GREENWOOD AVE&lt;br&gt; From: GLEBEHOLME BLVD&lt;br&gt; To: MILVERTON BLVD ,"Replacement of partial road pavement structure or entire road pavement structure for either partial lane width, full lane width or full road width. This could include the asphalt and underlying support materials. Repair, improvement or replacement of road drainage, damaged sidewalk, boulevards and curbs. Work may include the closure of individual lanes or the entire road.",Q3 2025 - Q3 2026 (Carry-Over),Active,,Transportation Services,"Promil Sarkar, Engineering and Construction Services",psarkar@toronto.ca,https://www.toronto.ca/services-payments/streets-parking-transportation/road-maintenance/road-sidewalk-repair/,TS_Road_Reconstruction,12,2025,EXTERNAL,"{""type"": ""LineString"", ""coordinates"": [[-79.3334189364099, 43.6839276597938], [-79.3337588108849, 43.6847137012434]]}"
99,10151, ,2025-04-12,Local Road Reconstruction,JIMMY WISDOM WAY&lt;br&gt; From: WHITMORE AVE&lt;br&gt; To: HOPEWELL AVE ,"Replacement of the entire road pavement structure, including the asphalt and underlying support materials. Repair, improvement, or replacement of: road drainage, curbs, boulevards and sidewalks. Work may include the closure of individual lanes or the entire road.  Also, includes the replacement of the City-owned portion of substandard water service connections. The property owner is encouraged to replace the private portion of the substandard water service connection, as well. Also, includes the replacement of the City-owned portion of substandard water service connections. The property owner is encouraged to replace the private portion of the substandard water service connection, as well.",Q2 2027 - Q4 2027,Active,1 - Projects with approved or allocated funding in the Capital Works Program.,Transportation Services,"Christy Manoharan, Engineering and Construction Services",cmanoha@toronto.ca,https://www.toronto.ca/services-payments/streets-parking-transportation/road-maintenance/road-sidewalk-repair/,TS_Road_Reconstruction,12,2027,EXTERNAL,"{""type"": ""LineString"", ""coordinates"": [[-79.4482622786283, 43.6985974849065], [-79.4485519869181, 43.6993205079126]]}"
100,10215,TS2023-13-001 ,2024-04-25,Major Road Reconstruction,GERRARD ST E&lt;br&gt; From: BERKELEY ST&lt;br&gt; To: [N] GERRARD ST E [BRANCH] ,"Replacement of the entire road pavement structure, including the asphalt and underlying support materials. Repair, improvement, or replacement of: road drainage, curbs, boulevards and sidewalks. Work may include the closure of individual lanes or the entire road.  Also, includes the replacement of the City-owned portion of substandard water service connections. The property owner is encouraged to replace the private portion of the substandard water service connection, as well. Also, includes the replacement of the City-owned portion of substandard water service connections. The property owner is encouraged to replace the private portion of the substandard water service connection, as well.",Q1 2027 - Q1 2028,Active,1 - Projects with approved or allocated funding in the Capital Works Program.,Transportation Services,"Marilia Cimini, Engineering and Construction Services",mcimini@toronto.ca,https://www.toronto.ca/services-payments/streets-parking-transportation/road-maintenance/road-sidewalk-repair/,TS_Road_Reconstruction,12,2025,EXTERNAL,"{""type"": ""LineString"", ""coordinates"": [[-79.3685391029701, 43.6620435108171], [-79.3681759581657, 43.6621129619358]]}"
101,10216,TS2023-13-001,2024-04-25,Major Road Reconstruction,GERRARD ST E&lt;br&gt; From: ONTARIO ST&lt;br&gt; To: BERKELEY ST ,"Replacement of the entire road pavement structure, including the asphalt and underlying support materials. Repair, improvement, or replacement of: road drainage, curbs, boulevards and sidewalks. Work may include the closure of individual lanes or the entire road.  Also, includes the replacement of the City-owned portion of substandard water service connections. The property owner is encouraged to replace the private portion of the substandard water service connection, as well. Also, includes the replacement of the City-owned portion of substandard water service connections. The property owner is encouraged to replace the private portion of the substandard water service connection, as well.",Q1 2027 - Q1 2028,Active,1 - Projects with approved or allocated funding in the Capital Works Program.,Transportation Services,"Marilia Cimini, Engineering and Construction Services",mcimini@toronto.ca,https://www.toronto.ca/services-payments/streets-parking-transportation/road-maintenance/road-sidewalk-repair/,TS_Road_Reconstruction,12,2025,EXTERNAL,"{""type"": ""LineString"", ""coordinates"": [[-79.3697172755116, 43.6617810438202], [-79.3685391029701, 43.6620435108171]]}"
102,10219,TS2023-06_07-301,2024-06-21,Local Road Reconstruction,SENTINEL RD&lt;br&gt; From: SHEPPARD AVE W&lt;br&gt; To: STILECROFT DR ,"Replacement of the entire road pavement structure, including the asphalt and underlying support materials. Repair, improvement, or replacement of: road drainage, curbs, boulevards and sidewalks. Work may include the closure of individual lanes or the entire road.  Also, includes the replacement of the City-owned portion of substandard water service connections. The property owner is encouraged to replace the private portion of the substandard water service connection, as well. Also, includes the replacement of the City-owned portion of substandard water service connections. The property owner is encouraged to replace the private portion of the substandard water service connection, as well.",Q3 2024 - Q4 2025,Active,1 - Projects with approved or allocated funding in the Capital Works Program.,Transportation Services,"Osa Ehioghiren, Engineering and Construction Services",oehiogh@toronto.ca,https://www.toronto.ca/services-payments/streets-parking-transportation/road-maintenance/road-sidewalk-repair/,TS_Road_Reconstruction,12,2024,EXTERNAL,"{""type"": ""LineString"", ""coordinates"": [[-79.491850160701, 43.7436491508556], [-79.4919846606537, 43.743976244666], [-79.4919899356773, 43.7439890798659], [-79.4922405714424, 43.7445986151828], [-79.4922802047785, 43.7447025593652], [-79.4923030039636, 43.7448018865781], [-79.4923257895678, 43.7449012038824], [-79.4923445000958, 43.745041069566], [-79.4923770516071, 43.7452049784027], [-79.4924007053594, 43.7453240353992], [-79.4924013381764, 43.7453272398725], [-79.4925168784975, 43.7459087527128], [-79.4925853268331, 43.7469846537346], [-79.4926105768131, 43.7470666284757], [-79.4926272726266, 43.7471324985966], [-79.4926568540871, 43.7472207024407], [-79.4932497435437, 43.7486062831026], [-79.4936034952622, 43.7493576277629], [-79.4938019613215, 43.7497105660265], [-79.4941939944994, 43.7504412017151]]}"
103,10302,TS2023-04-113,2025-04-12,Laneway Reconstruction,[36.60 m W] FORT ROUILLE ST&lt;br&gt; From: [54.90 m S] SPRINGHURST AVE&lt;br&gt; To: SPRINGHURST AVE ,"Replacement of the entire laneway pavement structure, including the asphalt, concrete and underlying support materials. Repair, improvement, or replacement of laneway drainage, curbs, and associated areas. Work may include the closure of individual lanes or the entire laneway. Also, includes the replacement of the City-owned portion of substandard water service connections. The property owner is encouraged to replace the private portion of the substandard water service connection, as well.",Q2 2027 - Q4 2027,Active,1 - Projects with approved or allocated funding in the Capital Works Program.,Transportation Services,"Osa Ehioghiren, Engineering and Construction Services",oehiogh@toronto.ca,https://www.toronto.ca/services-payments/streets-parking-transportation/road-maintenance/road-sidewalk-repair/,TS_Road_Reconstruction,12,2027,EXTERNAL,"{""type"": ""LineString"", ""coordinates"": [[-79.4274709502319, 43.6345420008847], [-79.4272707358038, 43.6339712748967]]}"
104,10325, ,2025-04-11,Laneway Reconstruction,CHESTNUT LANE&lt;br&gt; From: [42 m S] CHESTNUT HILLS CRES&lt;br&gt; To: [66 m S] CHESTNUT HILLS CRES ,"Replacement of the entire laneway pavement structure, including the asphalt, concrete and underlying support materials. Repair, improvement, or replacement of laneway drainage, curbs, and associated areas. Work may include the closure of individual lanes or the entire laneway. Also, includes the replacement of the City-owned portion of substandard water service connections. The property owner is encouraged to replace the private portion of the substandard water service connection, as well.",2027 - 2028,Active,1 - Projects with approved or allocated funding in the Capital Works Program.,Transportation Services,"Angela Au, Engineering and Construction Services",aau2@toronto.ca,https://www.toronto.ca/services-payments/streets-parking-transportation/road-maintenance/road-sidewalk-repair/,TS_Road_Reconstruction,12,2027,EXTERNAL,"{""type"": ""LineString"", ""coordinates"": [[-79.5260269023073, 43.6527792097134], [-79.52633760125, 43.6529222394311]]}"
105,10326, ,2025-04-12,Laneway Reconstruction,[30.50 m W] DOVERCOURT RD&lt;br&gt; From: MACKENZIE CRES&lt;br&gt; To: [29 m N] MACKENZIE CRES ,"Replacement of the entire laneway pavement structure, including the asphalt, concrete and underlying support materials. Repair, improvement, or replacement of laneway drainage, curbs, and associated areas. Work may include the closure of individual lanes or the entire laneway. Also, includes the replacement of the City-owned portion of substandard water service connections. The property owner is encouraged to replace the private portion of the substandard water service connection, as well.",Q2 2027 - Q4 2027,Active,1 - Projects with approved or allocated funding in the Capital Works Program.,Transportation Services,"Osa Ehioghiren, Engineering and Construction Services",oehiogh@toronto.ca,https://www.toronto.ca/services-payments/streets-parking-transportation/road-maintenance/road-sidewalk-repair/,TS_Road_Reconstruction,12,2027,EXTERNAL,"{""type"": ""LineString"", ""coordinates"": [[-79.4245709050488, 43.6477194404793], [-79.4246837411742, 43.6480218086139]]}"
106,10331, ,2024-08-30,Local Road Reconstruction,DONALD AVE&lt;br&gt; From: SILVERTHORN AVE&lt;br&gt; To: KANE AVE ,"Replacement of the entire road pavement structure, including the asphalt and underlying support materials. Repair, improvement, or replacement of: road drainage, curbs, boulevards and sidewalks. Work may include the closure of individual lanes or the entire road.  Also, includes the replacement of the City-owned portion of substandard water service connections. The property owner is encouraged to replace the private portion of the substandard water service connection, as well. Also, includes the replacement of the City-owned portion of substandard water service connections. The property owner is encouraged to replace the private portion of the substandard water service connection, as well.",Q3 2026 - Q4 2026,Active,1 - Projects with approved or allocated funding in the Capital Works Program.,Transportation Services,"Matthew McAinsh, Engineering and Construction Services",mmcains@toronto.ca,https://www.toronto.ca/services-payments/streets-parking-transportation/road-maintenance/road-sidewalk-repair/,TS_Road_Reconstruction,12,2026,EXTERNAL,"{""type"": ""LineString"", ""coordinates"": [[-79.4665492412748, 43.6862895180226], [-79.4678915091002, 43.6859965090083], [-79.4681531294418, 43.6859634177877]]}"
107,10337, ,2023-03-24,Major Road Reconstruction,BLOOR ST W&lt;br&gt; From: AVENUE RD&lt;br&gt; To: BEDFORD RD ,"Replacement of the entire road pavement structure, including the asphalt and underlying support materials. Repair, improvement, or replacement of: road drainage, curbs, boulevards and sidewalks. Work may include the closure of individual lanes or the entire road.  Also, includes the replacement of the City-owned portion of substandard water service connections. The property owner is encouraged to replace the private portion of the substandard water service connection, as well. Also, includes the replacement of the City-owned portion of substandard water service connections. The property owner is encouraged to replace the private portion of the substandard water service connection, as well.",Q3 2023 - Q2 2025 (Carry-Over),Active,1 - Projects with approved or allocated funding in the Capital Works Program.,Transportation Services,"Ahmed Bhabha, Engineering and Construction Services",abhabha@toronto.ca,https://www.toronto.ca/services-payments/streets-parking-transportation/road-maintenance/road-sidewalk-repair/,TS_Road_Reconstruction,12,2023,EXTERNAL,"{""type"": ""LineString"", ""coordinates"": [[-79.3941414146867, 43.6687202616384], [-79.3958757488491, 43.6683327872895], [-79.3973807881437, 43.6680332274401]]}"
108,10363, ,2022-08-29,Laneway Reconstruction,[45.70 m E] BEECH AVE&lt;br&gt; From: CEDAR AVE&lt;br&gt; To: PINE AVE ,"Replacement of the entire laneway pavement structure, including the asphalt, concrete and underlying support materials. Repair, improvement, or replacement of laneway drainage, curbs, and associated areas. Work may include the closure of individual lanes or the entire laneway. Also, includes the replacement of the City-owned portion of substandard water service connections. The property owner is encouraged to replace the private portion of the substandard water service connection, as well.",Q3 2026 - Q4 2026,Active,1 - Projects with approved or allocated funding in the Capital Works Program.,Transportation Services,"Augustine Anifowose, Engineering and Construction Services",aanifow@toronto.ca,https://www.toronto.ca/services-payments/streets-parking-transportation/road-maintenance/road-sidewalk-repair/,TS_Road_Reconstruction,12,2026,EXTERNAL,"{""type"": ""LineString"", ""coordinates"": [[-79.2875937208785, 43.674543323986], [-79.2879796582391, 43.6754832201276], [-79.2883565320521, 43.6764082458593]]}"
109,10364, ,2022-08-29,Laneway Reconstruction,[30.50 m N] WALLACE AVE&lt;br&gt; From: [33.50 m E] EMERSON AVE&lt;br&gt; To: EMERSON AVE ,"Replacement of the entire laneway pavement structure, including the asphalt, concrete and underlying support materials. Repair, improvement, or replacement of laneway drainage, curbs, and associated areas. Work may include the closure of individual lanes or the entire laneway. Also, includes the replacement of the City-owned portion of substandard water service connections. The property owner is encouraged to replace the private portion of the substandard water service connection, as well.",2026,Active,1 - Projects with approved or allocated funding in the Capital Works Program.,Transportation Services,"Augustine Anifowose, Engineering and Construction Services",aanifow@toronto.ca,https://www.toronto.ca/services-payments/streets-parking-transportation/road-maintenance/road-sidewalk-repair/,TS_Road_Reconstruction,12,2026,EXTERNAL,"{""type"": ""LineString"", ""coordinates"": [[-79.4425523348517, 43.6631192100523], [-79.4419968763231, 43.6632356139409]]}"
110,10384,TS2024-10_11-027,2025-03-19,Major Road Rehabilitation,[E] UNIVERSITY AVE [BRANCH]&lt;br&gt; From: GERRARD ST W&lt;br&gt; To: COLLEGE ST (TO) ,"Replacement of partial road pavement structure or entire road pavement structure for either partial lane width, full lane width or full road width. This could include the asphalt and underlying support materials. Repair, improvement or replacement of road drainage, damaged sidewalk, boulevards and curbs. Work may include the closure of individual lanes or the entire road.",Q1 2025 - Q3 2027 (Carry-Over),Active,,Transportation Services,"Newsha Roshani, Engineering and Construction Services",nroshan@toronto.ca,https://www.toronto.ca/services-payments/streets-parking-transportation/road-maintenance/road-sidewalk-repair/,TS_Road_Reconstruction,12,2024,EXTERNAL,"{""type"": ""LineString"", ""coordinates"": [[-79.3893409813778, 43.6575640997989], [-79.3894883341719, 43.6579171042221], [-79.3897756908862, 43.6585848316182], [-79.3898303978546, 43.6587063485372], [-79.3901430171427, 43.6594579936092], [-79.3903322673134, 43.6598935461179]]}"
111,10410, ,2024-08-14,Major Road Rehabilitation,GREENWOOD AVE&lt;br&gt; From: QUEENSDALE AVE&lt;br&gt; To: SAMMON AVE ,"Replacement of partial road pavement structure or entire road pavement structure for either partial lane width, full lane width or full road width. This could include the asphalt and underlying support materials. Repair, improvement or replacement of road drainage, damaged sidewalk, boulevards and curbs. Work may include the closure of individual lanes or the entire road.",Q3 2025 - Q3 2026 (Carry-Over),Active,,Transportation Services,"Promil Sarkar, Engineering and Construction Services",psarkar@toronto.ca,https://www.toronto.ca/services-payments/streets-parking-transportation/road-maintenance/road-sidewalk-repair/,TS_Road_Reconstruction,12,2025,EXTERNAL,"{""type"": ""LineString"", ""coordinates"": [[-79.3344095530242, 43.6862688982361], [-79.3346688950647, 43.6868847097714]]}"
112,10441, ,2024-10-03,Local Road Rehabilitation,MONOGRAM PL&lt;br&gt; From: [329 m W] ISLINGTON AVE&lt;br&gt; To: [389 m W] ISLINGTON AVE ,"Replacement of partial road pavement structure or entire road pavement structure for either partial lane width, full lane width or full road width. This could include the asphalt and underlying support materials. Repair, improvement or replacement of road drainage, damaged sidewalk, boulevards and curbs. Work may include the closure of individual lanes or the entire road.",Q3 2026 - Q4 2026,Active,,Transportation Services,"Christy Manoharan, Engineering and Construction Services",cmanoha@toronto.ca,https://www.toronto.ca/services-payments/streets-parking-transportation/road-maintenance/road-sidewalk-repair/,TS_Road_Reconstruction,12,2026,EXTERNAL,"{""type"": ""LineString"", ""coordinates"": [[-79.5542971690567, 43.7039904367322], [-79.5549610701561, 43.703837696326]]}"
113,10524, ,2024-10-03,Local Road Rehabilitation,MONOGRAM PL&lt;br&gt; From: [149 m W] ISLINGTON AVE&lt;br&gt; To: [329 m W] ISLINGTON AVE ,"Replacement of partial road pavement structure or entire road pavement structure for either partial lane width, full lane width or full road width. This could include the asphalt and underlying support materials. Repair, improvement or replacement of road drainage, damaged sidewalk, boulevards and curbs. Work may include the closure of individual lanes or the entire road.",Q3 2026 - Q4 2026,Active,,Transportation Services,"Christy Manoharan, Engineering and Construction Services",cmanoha@toronto.ca,https://www.toronto.ca/services-payments/streets-parking-transportation/road-maintenance/road-sidewalk-repair/,TS_Road_Reconstruction,12,2026,EXTERNAL,"{""type"": ""LineString"", ""coordinates"": [[-79.5521526839498, 43.704483706961], [-79.5542971690567, 43.7039904367322]]}"
114,10531,TS2023-14-293,2023-09-25,Laneway Reconstruction,[26.20 m E] LOGAN AVE&lt;br&gt; From: LANGLEY AVE&lt;br&gt; To: RIVERDALE AVE ,"Replacement of the entire laneway pavement structure, including the asphalt, concrete and underlying support materials. Repair, improvement, or replacement of laneway drainage, curbs, and associated areas. Work may include the closure of individual lanes or the entire laneway. Also, includes the replacement of the City-owned portion of substandard water service connections. The property owner is encouraged to replace the private portion of the substandard water service connection, as well.",Q4 2025 - Q3 2026 (Carry-Over),Active,1 - Projects with approved or allocated funding in the Capital Works Program.,Transportation Services,"Amran Durrani, Engineering and Construction Services",adurran2@toronto.ca,https://www.toronto.ca/services-payments/streets-parking-transportation/road-maintenance/road-sidewalk-repair/,TS_Road_Reconstruction,12,2025,EXTERNAL,"{""type"": ""LineString"", ""coordinates"": [[-79.345680498002, 43.6694958180803], [-79.3458495631847, 43.6699107707319], [-79.3460254936088, 43.6703425450318]]}"
115,10533, ,2024-12-20,Local Road Rehabilitation,MERRILL AVE E&lt;br&gt; From: MOBERLY AVE&lt;br&gt; To: WOODBINE AVE ,"Replacement of partial road pavement structure or entire road pavement structure for either partial lane width, full lane width or full road width. This could include the asphalt and underlying support materials. Repair, improvement or replacement of road drainage, damaged sidewalk, boulevards and curbs. Work may include the closure of individual lanes or the entire road.",Q3 2027 - Q4 2028,Active,,Transportation Services,"Adriana Gomez, Engineering and Construction Services",AGOMEZ4@toronto.ca,https://www.toronto.ca/services-payments/streets-parking-transportation/road-maintenance/road-sidewalk-repair/,TS_Road_Reconstruction,12,2026,EXTERNAL,"{""type"": ""LineString"", ""coordinates"": [[-79.3131251812728, 43.6831350216294], [-79.3123878319493, 43.6833013299465], [-79.3118424441681, 43.6834243536101]]}"
116,10549, ,2026-04-21,Laneway Reconstruction,[46.30 m N] DUNDAS ST W&lt;br&gt; From: BEVERLEY ST&lt;br&gt; To: [42.70 m W] BEVERLEY ST ,"Replacement of the entire laneway pavement structure, including the asphalt, concrete and underlying support materials. Repair, improvement, or replacement of laneway drainage, curbs, and associated areas. Work may include the closure of individual lanes or the entire laneway. Also, includes the replacement of the City-owned portion of substandard water service connections. The property owner is encouraged to replace the private portion of the substandard water service connection, as well.",Q2 2026 - Q4 2026,Active,1 - Projects with approved or allocated funding in the Capital Works Program.,Transportation Services,"Niloufar Mohajerani, Engineering and Construction Services",nmohaje@toronto.ca,https://www.toronto.ca/services-payments/streets-parking-transportation/road-maintenance/road-sidewalk-repair/,TS_Road_Reconstruction,12,2026,EXTERNAL,"{""type"": ""LineString"", ""coordinates"": [[-79.394051714682, 43.6542702785192], [-79.3945509542036, 43.6541713678773]]}"
117,10571,TS2023-10_11-435,2025-09-05,Local Road Reconstruction,AUGUSTA AVE&lt;br&gt; From: BALDWIN ST&lt;br&gt; To: NASSAU ST ,"Replacement of the entire road pavement structure, including the asphalt and underlying support materials. Repair, improvement, or replacement of: road drainage, curbs, boulevards and sidewalks. Work may include the closure of individual lanes or the entire road.  Also, includes the replacement of the City-owned portion of substandard water service connections. The property owner is encouraged to replace the private portion of the substandard water service connection, as well. Also, includes the replacement of the City-owned portion of substandard water service connections. The property owner is encouraged to replace the private portion of the substandard water service connection, as well.",Q2 2027 - Q4 2028,Active,1 - Projects with approved or allocated funding in the Capital Works Program.,Transportation Services,"Steven Bertolo, Engineering and Construction Services",sbertol@toronto.ca,https://www.toronto.ca/services-payments/streets-parking-transportation/road-maintenance/road-sidewalk-repair/,TS_Road_Reconstruction,12,2027,EXTERNAL,"{""type"": ""LineString"", ""coordinates"": [[-79.4020351684402, 43.6545084150705], [-79.4023360050878, 43.6552350592144]]}"
118,10805, ,2025-09-10,Local Road Rehabilitation,WINONA DR&lt;br&gt; From: BUDE ST&lt;br&gt; To: AVA RD ,"Replacement of partial road pavement structure or entire road pavement structure for either partial lane width, full lane width or full road width. This could include the asphalt and underlying support materials. Repair, improvement or replacement of road drainage, damaged sidewalk, boulevards and curbs. Work may include the closure of individual lanes or the entire road.",Q3 2025 - Q4 2025,Active,,Transportation Services,"Cherry Chen, Engineering and Construction Services",cchen9@toronto.ca,https://www.toronto.ca/services-payments/streets-parking-transportation/road-maintenance/road-sidewalk-repair/,TS_Road_Reconstruction,12,2025,EXTERNAL,"{""type"": ""LineString"", ""coordinates"": [[-79.4377070698746, 43.6947908537938], [-79.4378210729329, 43.6951081285457]]}"
119,10888, ,2021-07-30,Laneway Rehabilitation,[84.40 m W] CHRISTIE ST&lt;br&gt; From: [39 m N] TYRREL AVE&lt;br&gt; To: ILFORD RD ,"Replacement of partial or entire laneway pavement structure for either partial or full laneway width. This could include the asphalt, concrete and underlying support materials. Repair, improvement or replacement of laneway drainage, curbs and associated areas. Work may include the closure of individual lanes or the entire laneway.",Q4 2025 - Q3 2026 (Carry-Over),Active,,Transportation Services,"Christy Manoharan, Engineering and Construction Services",cmanoha@toronto.ca,https://www.toronto.ca/services-payments/streets-parking-transportation/road-maintenance/road-sidewalk-repair/,TS_Road_Reconstruction,12,2025,EXTERNAL,"{""type"": ""LineString"", ""coordinates"": [[-79.4255867536006, 43.678411215879], [-79.4257995807273, 43.678881537981]]}"
120,10928, ,2025-04-12,Laneway Reconstruction,[38.10 m E] SHAW ST&lt;br&gt; From: PENDRITH ST&lt;br&gt; To: ESSEX ST ,"Replacement of the entire laneway pavement structure, including the asphalt, concrete and underlying support materials. Repair, improvement, or replacement of laneway drainage, curbs, and associated areas. Work may include the closure of individual lanes or the entire laneway. Also, includes the replacement of the City-owned portion of substandard water service connections. The property owner is encouraged to replace the private portion of the substandard water service connection, as well.",Q2 2027 - Q4 2027,Active,1 - Projects with approved or allocated funding in the Capital Works Program.,Transportation Services,"Osa Ehioghiren, Engineering and Construction Services",oehiogh@toronto.ca,https://www.toronto.ca/services-payments/streets-parking-transportation/road-maintenance/road-sidewalk-repair/,TS_Road_Reconstruction,12,2027,EXTERNAL,"{""type"": ""LineString"", ""coordinates"": [[-79.4242734711621, 43.6665027197421], [-79.4246526071723, 43.6674602190107]]}"
121,11002, ,2023-05-19,Local Road Reconstruction,HOPEWELL AVE&lt;br&gt; From: Jimmy Wisdom Way&lt;br&gt; To: DUFFERIN ST ,"Replacement of the entire road pavement structure, including the asphalt and underlying support materials. Repair, improvement, or replacement of: road drainage, curbs, boulevards and sidewalks. Work may include the closure of individual lanes or the entire road.  Also, includes the replacement of the City-owned portion of substandard water service connections. The property owner is encouraged to replace the private portion of the substandard water service connection, as well. Also, includes the replacement of the City-owned portion of substandard water service connections. The property owner is encouraged to replace the private portion of the substandard water service connection, as well.",Q3 2025 - Q4 2028 (Carry-Over),Active,1 - Projects with approved or allocated funding in the Capital Works Program.,Transportation Services,"Marfique Ahmed, Engineering and Construction Services",mahmed2@toronto.ca,https://www.toronto.ca/services-payments/streets-parking-transportation/road-maintenance/road-sidewalk-repair/,TS_Road_Reconstruction,12,2024,EXTERNAL,"{""type"": ""LineString"", ""coordinates"": [[-79.4485519869181, 43.6993205079126], [-79.4500749112898, 43.6990174879929], [-79.4502373179003, 43.6989758468592], [-79.4503977112861, 43.6989214588022], [-79.4505394784797, 43.6988579801655], [-79.4506672668563, 43.6988203380082], [-79.4509256579014, 43.6987636331241], [-79.451305430912, 43.6986934775011]]}"
122,11083, ,2025-09-10,Local Road Rehabilitation,WINONA DR&lt;br&gt; From: LANARK AVE&lt;br&gt; To: EGLINTON AVE W ,"Replacement of partial road pavement structure or entire road pavement structure for either partial lane width, full lane width or full road width. This could include the asphalt and underlying support materials. Repair, improvement or replacement of road drainage, damaged sidewalk, boulevards and curbs. Work may include the closure of individual lanes or the entire road.",Q3 2025 - Q4 2025,Active,,Transportation Services,"Cherry Chen, Engineering and Construction Services",cchen9@toronto.ca,https://www.toronto.ca/services-payments/streets-parking-transportation/road-maintenance/road-sidewalk-repair/,TS_Road_Reconstruction,12,2025,EXTERNAL,"{""type"": ""LineString"", ""coordinates"": [[-79.438721019606, 43.6972723920108], [-79.4388960372676, 43.6977113929368], [-79.439054621064, 43.6981091760147]]}"
123,11146,TS2024-02-033,2026-01-14,Major Road Reconstruction,RATHBURN RD&lt;br&gt; From: MILL RD&lt;br&gt; To: DEAD END ,"Replacement of the entire road pavement structure, including the asphalt and underlying support materials. Repair, improvement, or replacement of: road drainage, curbs, boulevards and sidewalks. Work may include the closure of individual lanes or the entire road.  Also, includes the replacement of the City-owned portion of substandard water service connections. The property owner is encouraged to replace the private portion of the substandard water service connection, as well. Also, includes the replacement of the City-owned portion of substandard water service connections. The property owner is encouraged to replace the private portion of the substandard water service connection, as well.",Q2 2027 - Q4 2028,Active,1 - Projects with approved or allocated funding in the Capital Works Program.,Transportation Services,"Brian Nolan, Engineering and Construction Services",bnolan3@toronto.ca,https://www.toronto.ca/services-payments/streets-parking-transportation/road-maintenance/road-sidewalk-repair/,TS_Road_Reconstruction,12,2027,EXTERNAL,"{""type"": ""LineString"", ""coordinates"": [[-79.5900630207061, 43.6455117727079], [-79.5902383845055, 43.6453794556182], [-79.5904179293046, 43.6452501306051], [-79.5906015585175, 43.6451238634358], [-79.5907616675944, 43.6449710813087], [-79.5909144107884, 43.6448143739136], [-79.5910596086761, 43.6446539277507], [-79.5911205140883, 43.6445945610926], [-79.5911747444221, 43.6445318737193], [-79.5912219606568, 43.6444662619708], [-79.5912618647072, 43.6443981392568]]}"
124,11150, ,2026-04-21,Laneway Reconstruction,[34 m N] FLORENCE AVE&lt;br&gt; From: [54 m E] EILEEN AVE&lt;br&gt; To: EILEEN AVE ,"Replacement of the entire laneway pavement structure, including the asphalt, concrete and underlying support materials. Repair, improvement, or replacement of laneway drainage, curbs, and associated areas. Work may include the closure of individual lanes or the entire laneway. Also, includes the replacement of the City-owned portion of substandard water service connections. The property owner is encouraged to replace the private portion of the substandard water service connection, as well.",Q2 2026 - Q4 2026,Active,1 - Projects with approved or allocated funding in the Capital Works Program.,Transportation Services,"Niloufar Mohajerani, Engineering and Construction Services",nmohaje@toronto.ca,https://www.toronto.ca/services-payments/streets-parking-transportation/road-maintenance/road-sidewalk-repair/,TS_Road_Reconstruction,12,2026,EXTERNAL,"{""type"": ""LineString"", ""coordinates"": [[-79.4949862032112, 43.6695973684542], [-79.4946385510168, 43.6699354210539], [-79.4945038551901, 43.6700663912139]]}"
125,11221, ,2026-02-18,Local Road Reconstruction,[N-S] BRAESIDE RD [BRANCH]&lt;br&gt; From: BRAESIDE CRES&lt;br&gt; To: WANLESS CRES ,"Replacement of the entire road pavement structure, including the asphalt and underlying support materials. Repair, improvement, or replacement of: road drainage, curbs, boulevards and sidewalks. Work may include the closure of individual lanes or the entire road.  Also, includes the replacement of the City-owned portion of substandard water service connections. The property owner is encouraged to replace the private portion of the substandard water service connection, as well. Also, includes the replacement of the City-owned portion of substandard water service connections. The property owner is encouraged to replace the private portion of the substandard water service connection, as well.",Q2 2026 - Q4 2026,Active,1 - Projects with approved or allocated funding in the Capital Works Program.,Transportation Services,"Osa Ehioghiren, Engineering and Construction Services",oehiogh@toronto.ca,https://www.toronto.ca/services-payments/streets-parking-transportation/road-maintenance/road-sidewalk-repair/,TS_Road_Reconstruction,12,2027,EXTERNAL,"{""type"": ""LineString"", ""coordinates"": [[-79.3905438757911, 43.7291351132711], [-79.3903556057391, 43.7285535654651], [-79.3902974312957, 43.7284420446276]]}"
126,11230, 1,2024-03-14,Local Road Reconstruction,CHELTENHAM AVE&lt;br&gt; From: ST IVES CRES&lt;br&gt; To: MILDENHALL RD ,"Replacement of the entire road pavement structure, including the asphalt and underlying support materials. Repair, improvement, or replacement of: road drainage, curbs, boulevards and sidewalks. Work may include the closure of individual lanes or the entire road.  Also, includes the replacement of the City-owned portion of substandard water service connections. The property owner is encouraged to replace the private portion of the substandard water service connection, as well. Also, includes the replacement of the City-owned portion of substandard water service connections. The property owner is encouraged to replace the private portion of the substandard water service connection, as well.",Q4 2027 - Q1 2030,Active,1 - Projects with approved or allocated funding in the Capital Works Program.,Transportation Services,"Harry Persaud, Engineering and Construction Services",hpersau3@toronto.ca,https://www.toronto.ca/services-payments/streets-parking-transportation/road-maintenance/road-sidewalk-repair/,TS_Road_Reconstruction,12,2027,EXTERNAL,"{""type"": ""LineString"", ""coordinates"": [[-79.3896602410674, 43.7256736537257], [-79.3895327540185, 43.7257001292561], [-79.3892730757739, 43.7257582708495], [-79.3866603171166, 43.7263022392061], [-79.3857736626135, 43.7264958670832]]}"
127,11372, ,2022-08-31,Local Road Rehabilitation,FERNWOOD PARK AVE&lt;br&gt; From: FIR AVE&lt;br&gt; To: HAZEL AVE ,"Replacement of partial road pavement structure or entire road pavement structure for either partial lane width, full lane width or full road width. This could include the asphalt and underlying support materials. Repair, improvement or replacement of road drainage, damaged sidewalk, boulevards and curbs. Work may include the closure of individual lanes or the entire road.",Q3 2026 - Q4 2026,Active,,Transportation Services,"Augustine Anifowose, Engineering and Construction Services",aanifow@toronto.ca,https://www.toronto.ca/services-payments/streets-parking-transportation/road-maintenance/road-sidewalk-repair/,TS_Road_Reconstruction,12,2026,EXTERNAL,"{""type"": ""LineString"", ""coordinates"": [[-79.2881650445252, 43.6703271470925], [-79.28817907089, 43.6704078969828], [-79.288402242705, 43.6709805696214], [-79.2884127267979, 43.6710213830359], [-79.2883999949919, 43.6710697145906], [-79.2883572749416, 43.6711330318403], [-79.2883355382896, 43.6711677547129], [-79.2883289174626, 43.6711991660805], [-79.2884618675573, 43.671481396703]]}"
128,11413, ,2025-10-31,Local Road Reconstruction,DEWBOURNE AVE&lt;br&gt; From: BATHURST ST&lt;br&gt; To: CHILTERN HILL RD ,"Replacement of the entire road pavement structure, including the asphalt and underlying support materials. Repair, improvement, or replacement of: road drainage, curbs, boulevards and sidewalks. Work may include the closure of individual lanes or the entire road.  Also, includes the replacement of the City-owned portion of substandard water service connections. The property owner is encouraged to replace the private portion of the substandard water service connection, as well. Also, includes the replacement of the City-owned portion of substandard water service connections. The property owner is encouraged to replace the private portion of the substandard water service connection, as well.",Q3 2027 - Q4 2028,Active,1 - Projects with approved or allocated funding in the Capital Works Program.,Transportation Services,"Adriana Gomez, Engineering and Construction Services",AGOMEZ4@toronto.ca,https://www.toronto.ca/services-payments/streets-parking-transportation/road-maintenance/road-sidewalk-repair/,TS_Road_Reconstruction,12,2026,EXTERNAL,"{""type"": ""LineString"", ""coordinates"": [[-79.4247659211015, 43.6990228426484], [-79.4250754201436, 43.6988465982607], [-79.4252296354115, 43.6987770211974], [-79.4256101198034, 43.6986053269079], [-79.4258025337746, 43.6985525046097], [-79.426880109488, 43.6983304531931]]}"
129,11497, ,2024-12-12,Laneway Reconstruction,COLBORNE LANE&lt;br&gt; From: [30.50 m N] WELLINGTON ST E&lt;br&gt; To: COLBORNE ST ,"Replacement of the entire laneway pavement structure, including the asphalt, concrete and underlying support materials. Repair, improvement, or replacement of laneway drainage, curbs, and associated areas. Work may include the closure of individual lanes or the entire laneway. Also, includes the replacement of the City-owned portion of substandard water service connections. The property owner is encouraged to replace the private portion of the substandard water service connection, as well.",Q3 2025 - Q4 2026,Active,1 - Projects with approved or allocated funding in the Capital Works Program.,Transportation Services,"Marfique Ahmed, Engineering and Construction Services",mahmed2@toronto.ca,https://www.toronto.ca/services-payments/streets-parking-transportation/road-maintenance/road-sidewalk-repair/,TS_Road_Reconstruction,12,2025,EXTERNAL,"{""type"": ""LineString"", ""coordinates"": [[-79.3744918944045, 43.6488825806721], [-79.3746058771626, 43.6491629649767]]}"
130,11579, ,2025-10-30,Local Road Reconstruction,CLIFTON RD&lt;br&gt; From: GLENROSE AVE&lt;br&gt; To: ST CLAIR AVE E (TO) ,"Replacement of the entire road pavement structure, including the asphalt and underlying support materials. Repair, improvement, or replacement of: road drainage, curbs, boulevards and sidewalks. Work may include the closure of individual lanes or the entire road.  Also, includes the replacement of the City-owned portion of substandard water service connections. The property owner is encouraged to replace the private portion of the substandard water service connection, as well. Also, includes the replacement of the City-owned portion of substandard water service connections. The property owner is encouraged to replace the private portion of the substandard water service connection, as well.",Q3 2027 - Q4 2028,Active,1 - Projects with approved or allocated funding in the Capital Works Program.,Transportation Services,"Hazel Breton, Engineering and Construction Services",hbreton@toronto.ca,https://www.toronto.ca/services-payments/streets-parking-transportation/road-maintenance/road-sidewalk-repair/,TS_Road_Reconstruction,12,2026,EXTERNAL,"{""type"": ""LineString"", ""coordinates"": [[-79.3839793704392, 43.6892205433723], [-79.3843590690759, 43.6901390533539]]}"
131,11608, ,2024-06-26,Laneway Reconstruction,POULTER&apos;S LANE&lt;br&gt; From: MARKHAM ST&lt;br&gt; To: [55.50 m E] MARKHAM ST [CUL-DE-SAC] ,"Replacement of the entire laneway pavement structure, including the asphalt, concrete and underlying support materials. Repair, improvement, or replacement of laneway drainage, curbs, and associated areas. Work may include the closure of individual lanes or the entire laneway. Also, includes the replacement of the City-owned portion of substandard water service connections. The property owner is encouraged to replace the private portion of the substandard water service connection, as well.",Q2 2024 - Q3 2024,Active,1 - Projects with approved or allocated funding in the Capital Works Program.,Transportation Services,"Christy Manoharan, Engineering and Construction Services",cmanoha@toronto.ca,https://www.toronto.ca/services-payments/streets-parking-transportation/road-maintenance/road-sidewalk-repair/,TS_Road_Reconstruction,12,2024,EXTERNAL,"{""type"": ""LineString"", ""coordinates"": [[-79.4120663249703, 43.6654395909042], [-79.4120217141538, 43.6654883987337], [-79.412074331673, 43.6656059291664]]}"
132,11679, ,2025-12-03,Laneway Reconstruction,FITZROY TER&lt;br&gt; From: [50 m W] KENSINGTON AVE (TO)&lt;br&gt; To: [52 m W] KENSINGTON AVE (TO) [END] ,"Replacement of the entire laneway pavement structure, including the asphalt, concrete and underlying support materials. Repair, improvement, or replacement of laneway drainage, curbs, and associated areas. Work may include the closure of individual lanes or the entire laneway. Also, includes the replacement of the City-owned portion of substandard water service connections. The property owner is encouraged to replace the private portion of the substandard water service connection, as well.",2027 - 2028,Active,1 - Projects with approved or allocated funding in the Capital Works Program.,Transportation Services,"Steven Bertolo, Engineering and Construction Services",sbertol@toronto.ca,https://www.toronto.ca/services-payments/streets-parking-transportation/road-maintenance/road-sidewalk-repair/,TS_Road_Reconstruction,12,2027,EXTERNAL,"{""type"": ""LineString"", ""coordinates"": [[-79.4007953113884, 43.6533083689239], [-79.4009283472529, 43.6532792298905]]}"
133,11700, ,2025-10-14,Local Road Rehabilitation,CARLTON ST&lt;br&gt; From: BROADCAST LANE&lt;br&gt; To: METCALFE ST ,"Replacement of partial road pavement structure or entire road pavement structure for either partial lane width, full lane width or full road width. This could include the asphalt and underlying support materials. Repair, improvement or replacement of road drainage, damaged sidewalk, boulevards and curbs. Work may include the closure of individual lanes or the entire road.",Q1 2025 - Q3 2025,Active,,Transportation Services,"Jessica Orjuela, Engineering and Construction Services",jorjuel@toronto.ca,https://www.toronto.ca/services-payments/streets-parking-transportation/road-maintenance/road-sidewalk-repair/,TS_Road_Reconstruction,12,2025,EXTERNAL,"{""type"": ""LineString"", ""coordinates"": [[-79.3674857192746, 43.6645993879443], [-79.3667013421698, 43.6647859999478]]}"
134,11701, ,2025-10-31,Local Road Reconstruction,[36.60 m W] PAPE AVE&lt;br&gt; From: DINGWALL AVE&lt;br&gt; To: FRIZZELL AVE ,"Replacement of the entire road pavement structure, including the asphalt and underlying support materials. Repair, improvement, or replacement of: road drainage, curbs, boulevards and sidewalks. Work may include the closure of individual lanes or the entire road.  Also, includes the replacement of the City-owned portion of substandard water service connections. The property owner is encouraged to replace the private portion of the substandard water service connection, as well. Also, includes the replacement of the City-owned portion of substandard water service connections. The property owner is encouraged to replace the private portion of the substandard water service connection, as well.",Q3 2027 - Q4 2028,Active,1 - Projects with approved or allocated funding in the Capital Works Program.,Transportation Services,"Adriana Gomez, Engineering and Construction Services",AGOMEZ4@toronto.ca,https://www.toronto.ca/services-payments/streets-parking-transportation/road-maintenance/road-sidewalk-repair/,TS_Road_Reconstruction,12,2026,EXTERNAL,"{""type"": ""LineString"", ""coordinates"": [[-79.3432662224613, 43.6735457324523], [-79.3435691363315, 43.6742692893272]]}"
135,11736,1,2025-08-21,Local Road Reconstruction,ST LEONARDS AVE&lt;br&gt; From: LEWES CRES&lt;br&gt; To: BAYVIEW AVE ,"Replacement of the entire road pavement structure, including the asphalt and underlying support materials. Repair, improvement, or replacement of: road drainage, curbs, boulevards and sidewalks. Work may include the closure of individual lanes or the entire road.  Also, includes the replacement of the City-owned portion of substandard water service connections. The property owner is encouraged to replace the private portion of the substandard water service connection, as well. Also, includes the replacement of the City-owned portion of substandard water service connections. The property owner is encouraged to replace the private portion of the substandard water service connection, as well.",Q4 2027 - Q1 2030,Active,1 - Projects with approved or allocated funding in the Capital Works Program.,Transportation Services,"Harry Persaud, Engineering and Construction Services",hpersau3@toronto.ca,https://www.toronto.ca/services-payments/streets-parking-transportation/road-maintenance/road-sidewalk-repair/,TS_Road_Reconstruction,12,2027,EXTERNAL,"{""type"": ""LineString"", ""coordinates"": [[-79.3840849904927, 43.7247559634183], [-79.3821241626606, 43.7251647415177], [-79.3811784911169, 43.7253741502017], [-79.3811055734359, 43.7253902874149], [-79.380203634747, 43.7255848040467]]}"
136,11740,TS2024-02-033,2026-01-14,Major Road Reconstruction,RATHBURN RD&lt;br&gt; From: ELMCREST RD&lt;br&gt; To: MILL RD ,"Replacement of the entire road pavement structure, including the asphalt and underlying support materials. Repair, improvement, or replacement of: road drainage, curbs, boulevards and sidewalks. Work may include the closure of individual lanes or the entire road.  Also, includes the replacement of the City-owned portion of substandard water service connections. The property owner is encouraged to replace the private portion of the substandard water service connection, as well. Also, includes the replacement of the City-owned portion of substandard water service connections. The property owner is encouraged to replace the private portion of the substandard water service connection, as well.",Q2 2027 - Q4 2028,Active,1 - Projects with approved or allocated funding in the Capital Works Program.,Transportation Services,"Brian Nolan, Engineering and Construction Services",bnolan3@toronto.ca,https://www.toronto.ca/services-payments/streets-parking-transportation/road-maintenance/road-sidewalk-repair/,TS_Road_Reconstruction,12,2027,EXTERNAL,"{""type"": ""LineString"", ""coordinates"": [[-79.5868317826081, 43.6475271143042], [-79.5874367656735, 43.6471609078845], [-79.5874991567889, 43.6471217186069], [-79.5894788287718, 43.6458786051533], [-79.5900293986254, 43.6455330874282], [-79.5900630207061, 43.6455117727079]]}"
137,11745, ,2023-10-11,Laneway Reconstruction,[42.70 m N] SULLIVAN ST&lt;br&gt; From: GRANGE PL&lt;br&gt; To: HURON ST ,"Replacement of the entire laneway pavement structure, including the asphalt, concrete and underlying support materials. Repair, improvement, or replacement of laneway drainage, curbs, and associated areas. Work may include the closure of individual lanes or the entire laneway. Also, includes the replacement of the City-owned portion of substandard water service connections. The property owner is encouraged to replace the private portion of the substandard water service connection, as well.",Q2 2027 - Q4 2027,Active,1 - Projects with approved or allocated funding in the Capital Works Program.,Transportation Services,"Osa Ehioghiren, Engineering and Construction Services",oehiogh@toronto.ca,https://www.toronto.ca/services-payments/streets-parking-transportation/road-maintenance/road-sidewalk-repair/,TS_Road_Reconstruction,12,2027,EXTERNAL,"{""type"": ""LineString"", ""coordinates"": [[-79.3939210771515, 43.6521174434477], [-79.3955234764178, 43.6517727809425]]}"
138,11757, ,2023-05-05,Laneway Reconstruction,[30.50 m S] QUEEN ST E&lt;br&gt; From: WINNIFRED AVE&lt;br&gt; To: CAROLINE AVE ,"Replacement of the entire laneway pavement structure, including the asphalt, concrete and underlying support materials. Repair, improvement, or replacement of laneway drainage, curbs, and associated areas. Work may include the closure of individual lanes or the entire laneway. Also, includes the replacement of the City-owned portion of substandard water service connections. The property owner is encouraged to replace the private portion of the substandard water service connection, as well.",2027,Active,1 - Projects with approved or allocated funding in the Capital Works Program.,Transportation Services,"Shahid Virk, Engineering and Construction Services",svirk@toronto.ca,https://www.toronto.ca/services-payments/streets-parking-transportation/road-maintenance/road-sidewalk-repair/,TS_Road_Reconstruction,12,2027,EXTERNAL,"{""type"": ""LineString"", ""coordinates"": [[-79.336150518089, 43.6615353680845], [-79.3356450503918, 43.6616500378625], [-79.3351735966844, 43.6617449271971]]}"
139,11770,TS2023-11-186,2025-10-31,Local Road Reconstruction,GLENROSE AVE&lt;br&gt; From: CLIFTON RD&lt;br&gt; To: [E] GLENROSE AVE [END] ,"Replacement of the entire road pavement structure, including the asphalt and underlying support materials. Repair, improvement, or replacement of: road drainage, curbs, boulevards and sidewalks. Work may include the closure of individual lanes or the entire road.  Also, includes the replacement of the City-owned portion of substandard water service connections. The property owner is encouraged to replace the private portion of the substandard water service connection, as well. Also, includes the replacement of the City-owned portion of substandard water service connections. The property owner is encouraged to replace the private portion of the substandard water service connection, as well.",Q3 2027 - Q4 2028,Active,1 - Projects with approved or allocated funding in the Capital Works Program.,Transportation Services,"Adriana Gomez, Engineering and Construction Services",AGOMEZ4@toronto.ca,https://www.toronto.ca/services-payments/streets-parking-transportation/road-maintenance/road-sidewalk-repair/,TS_Road_Reconstruction,12,2026,EXTERNAL,"{""type"": ""LineString"", ""coordinates"": [[-79.3839793704392, 43.6892205433723], [-79.3832170202299, 43.6893831118331]]}"
140,11794,"TS2023-08-169
",2024-04-25,Local Road Reconstruction,ELM RIDGE DR&lt;br&gt; From: [W] WILLIAM R ALLEN RD [BRIDGE]&lt;br&gt; To: [163.50 m] ROSELAWN AVE [CITY LIMITS] ,"Replacement of the entire road pavement structure, including the asphalt and underlying support materials. Repair, improvement, or replacement of: road drainage, curbs, boulevards and sidewalks. Work may include the closure of individual lanes or the entire road.  Also, includes the replacement of the City-owned portion of substandard water service connections. The property owner is encouraged to replace the private portion of the substandard water service connection, as well. Also, includes the replacement of the City-owned portion of substandard water service connections. The property owner is encouraged to replace the private portion of the substandard water service connection, as well.",2025 - 2026,Active,1 - Projects with approved or allocated funding in the Capital Works Program.,Transportation Services,"Adel Roufail, Engineering and Construction Services",aroufai@toronto.ca,https://www.toronto.ca/services-payments/streets-parking-transportation/road-maintenance/road-sidewalk-repair/,TS_Road_Reconstruction,12,2025,EXTERNAL,"{""type"": ""LineString"", ""coordinates"": [[-79.4378387212772, 43.7029345485977], [-79.438994439253, 43.7026791478934]]}"
141,11799,"TS2023-08-169
",2024-04-25,Local Road Reconstruction,ROSELAWN AVE&lt;br&gt; From: ELMRIDGE DR&lt;br&gt; To: LYON CRT ,"Replacement of the entire road pavement structure, including the asphalt and underlying support materials. Repair, improvement, or replacement of: road drainage, curbs, boulevards and sidewalks. Work may include the closure of individual lanes or the entire road.  Also, includes the replacement of the City-owned portion of substandard water service connections. The property owner is encouraged to replace the private portion of the substandard water service connection, as well. Also, includes the replacement of the City-owned portion of substandard water service connections. The property owner is encouraged to replace the private portion of the substandard water service connection, as well.",2025 - 2026,Active,1 - Projects with approved or allocated funding in the Capital Works Program.,Transportation Services,"Adel Roufail, Engineering and Construction Services",aroufai@toronto.ca,https://www.toronto.ca/services-payments/streets-parking-transportation/road-maintenance/road-sidewalk-repair/,TS_Road_Reconstruction,12,2025,EXTERNAL,"{""type"": ""LineString"", ""coordinates"": [[-79.438994439253, 43.7026791478934], [-79.4403057695744, 43.7024159677482]]}"
142,11808,TS2024-09-008,2024-04-05,Major Road Reconstruction,DUFFERIN ST&lt;br&gt; From: DUPONT ST&lt;br&gt; To: GEARY AVE ,"Replacement of the entire road pavement structure, including the asphalt and underlying support materials. Repair, improvement, or replacement of: road drainage, curbs, boulevards and sidewalks. Work may include the closure of individual lanes or the entire road.  Also, includes the replacement of the City-owned portion of substandard water service connections. The property owner is encouraged to replace the private portion of the substandard water service connection, as well. Also, includes the replacement of the City-owned portion of substandard water service connections. The property owner is encouraged to replace the private portion of the substandard water service connection, as well.",Q4 2024 - Q3 2025,Active,1 - Projects with approved or allocated funding in the Capital Works Program.,Transportation Services,"Yang (Seamus) Liu, Engineering and Construction Services",sliu@toronto.ca,https://www.toronto.ca/services-payments/streets-parking-transportation/road-maintenance/road-sidewalk-repair/,TS_Road_Reconstruction,12,2024,EXTERNAL,"{""type"": ""LineString"", ""coordinates"": [[-79.4390359214977, 43.6684648165049], [-79.4392790786271, 43.6689836989929], [-79.4392895711699, 43.6690064959376], [-79.4394758311778, 43.6694112099503], [-79.4395193759996, 43.6695390617975]]}"
143,11853,TS2023-12-084,2023-02-13,Local Road Rehabilitation,COLLEGE VIEW AVE&lt;br&gt; From: ORIOLE PKWY&lt;br&gt; To: HIGHBOURNE RD ,"Replacement of partial road pavement structure or entire road pavement structure for either partial lane width, full lane width or full road width. This could include the asphalt and underlying support materials. Repair, improvement or replacement of road drainage, damaged sidewalk, boulevards and curbs. Work may include the closure of individual lanes or the entire road.",Q2 2026 - Q4 2026,Active,,Transportation Services,"Osa Ehioghiren, Engineering and Construction Services",oehiogh@toronto.ca,https://www.toronto.ca/services-payments/streets-parking-transportation/road-maintenance/road-sidewalk-repair/,TS_Road_Reconstruction,12,2026,EXTERNAL,"{""type"": ""LineString"", ""coordinates"": [[-79.4050543772978, 43.7023348701479], [-79.4063385693134, 43.7020610206571]]}"
144,11877, ,2022-02-22,Local Road Rehabilitation,DOROTHY ST&lt;br&gt; From: HILTZ AVE&lt;br&gt; To: GREENWOOD AVE ,"Replacement of partial road pavement structure or entire road pavement structure for either partial lane width, full lane width or full road width. This could include the asphalt and underlying support materials. Repair, improvement or replacement of road drainage, damaged sidewalk, boulevards and curbs. Work may include the closure of individual lanes or the entire road.",Q3 2025 - Q4 2025,Active,,Transportation Services,"Christy Manoharan, Engineering and Construction Services",cmanoha@toronto.ca,https://www.toronto.ca/services-payments/streets-parking-transportation/road-maintenance/road-sidewalk-repair/,TS_Road_Reconstruction,12,2025,EXTERNAL,"{""type"": ""LineString"", ""coordinates"": [[-79.326923741667, 43.665894202187], [-79.3260210547978, 43.6660953799296]]}"
145,11878, ,2024-03-14,Local Road Reconstruction,HASLEMERE RD&lt;br&gt; From: LANGTON AVE&lt;br&gt; To: BRAESIDE RD ,"Replacement of the entire road pavement structure, including the asphalt and underlying support materials. Repair, improvement, or replacement of: road drainage, curbs, boulevards and sidewalks. Work may include the closure of individual lanes or the entire road.  Also, includes the replacement of the City-owned portion of substandard water service connections. The property owner is encouraged to replace the private portion of the substandard water service connection, as well. Also, includes the replacement of the City-owned portion of substandard water service connections. The property owner is encouraged to replace the private portion of the substandard water service connection, as well.",Q4 2027 - Q1 2030,Active,1 - Projects with approved or allocated funding in the Capital Works Program.,Transportation Services,"Harry Persaud, Engineering and Construction Services",hpersau3@toronto.ca,https://www.toronto.ca/services-payments/streets-parking-transportation/road-maintenance/road-sidewalk-repair/,TS_Road_Reconstruction,12,2027,EXTERNAL,"{""type"": ""LineString"", ""coordinates"": [[-79.3920647101273, 43.7297043106476], [-79.3908941022949, 43.7299304336252]]}"
146,11903, ,2026-04-20,Local Road Reconstruction,AMIENS RD&lt;br&gt; From: KINGSTON RD&lt;br&gt; To: FAIRWOOD CRES ,"Replacement of the entire road pavement structure, including the asphalt and underlying support materials. Repair, improvement, or replacement of: road drainage, curbs, boulevards and sidewalks. Work may include the closure of individual lanes or the entire road.  Also, includes the replacement of the City-owned portion of substandard water service connections. The property owner is encouraged to replace the private portion of the substandard water service connection, as well. Also, includes the replacement of the City-owned portion of substandard water service connections. The property owner is encouraged to replace the private portion of the substandard water service connection, as well.",Q2 2026 - Q4 2026,Active,1 - Projects with approved or allocated funding in the Capital Works Program.,Transportation Services,"Niloufar Mohajerani, Engineering and Construction Services",nmohaje@toronto.ca,https://www.toronto.ca/services-payments/streets-parking-transportation/road-maintenance/road-sidewalk-repair/,TS_Road_Reconstruction,12,2026,EXTERNAL,"{""type"": ""LineString"", ""coordinates"": [[-79.184863359705, 43.7728112802124], [-79.1863638005539, 43.7735699522827], [-79.1868036619154, 43.7738546671156], [-79.1868450449427, 43.7738898382272], [-79.1868816769281, 43.773933277375], [-79.1869232842013, 43.7739923921575], [-79.1869513356938, 43.7740545391914], [-79.186996599507, 43.7741416476665], [-79.187177228674, 43.7745825554159], [-79.18736667914, 43.7750286896456], [-79.1881164928947, 43.7767670532607]]}"
147,11905,TS2023-20-173,2026-03-19,Local Road Reconstruction,PARKCREST DR&lt;br&gt; From: HILL CRES&lt;br&gt; To: 126 m S KINGSTON RD ,"Replacement of the entire road pavement structure, including the asphalt and underlying support materials. Repair, improvement, or replacement of: road drainage, curbs, boulevards and sidewalks. Work may include the closure of individual lanes or the entire road.  Also, includes the replacement of the City-owned portion of substandard water service connections. The property owner is encouraged to replace the private portion of the substandard water service connection, as well. Also, includes the replacement of the City-owned portion of substandard water service connections. The property owner is encouraged to replace the private portion of the substandard water service connection, as well.",Q2 2026 - Q2 2027 (Carry-Over),Active,1 - Projects with approved or allocated funding in the Capital Works Program.,Transportation Services,"Gabor Szakter, Engineering and Construction Services",gszakte@toronto.ca,https://www.toronto.ca/services-payments/streets-parking-transportation/road-maintenance/road-sidewalk-repair/,TS_Road_Reconstruction,12,2026,EXTERNAL,"{""type"": ""LineString"", ""coordinates"": [[-79.2160018111796, 43.7326164714789], [-79.2163601447073, 43.7334635133611], [-79.2168030130416, 43.7344996613504], [-79.2168560133695, 43.7346168004549], [-79.2168920696714, 43.7347068956969], [-79.2169281959793, 43.7347789895541], [-79.2169760113981, 43.7348421120208], [-79.2170331385244, 43.7349052575197], [-79.2170709850669, 43.7349413623993], [-79.2171204895772, 43.7349774772163], [-79.2171629914554, 43.735013583685], [-79.2172542159454, 43.7350858128629], [-79.2173153276073, 43.7351219653079], [-79.2174346218274, 43.7351672591917], [-79.2175228666099, 43.7352124780208], [-79.2176344434893, 43.735248761302], [-79.2177204380888, 43.7352759638739], [-79.2178103182339, 43.7353031939763], [-79.2178677350827, 43.7353033231135], [-79.2179391175277, 43.7353034965873], [-79.2180096346661, 43.7353216694256], [-79.2180972756157, 43.7353308832327], [-79.2181763745795, 43.7353400759115], [-79.2182368948968, 43.7353402224167], [-79.2183215155728, 43.7353314261625], [-79.2184014685945, 43.7353226183462], [-79.2185365579262, 43.7353049423375], [-79.2186973301611, 43.7352693260355], [-79.2188441885773, 43.7352246839619], [-79.2189389312257, 43.7352069010244], [-79.2190492752979, 43.7351711620143]]}"
148,11906, ,2026-03-19,Local Road Reconstruction,RIDELLE AVE&lt;br&gt; From: LAWNHURST BLVD&lt;br&gt; To: BURMONT RD ,"Replacement of the entire road pavement structure, including the asphalt and underlying support materials. Repair, improvement, or replacement of: road drainage, curbs, boulevards and sidewalks. Work may include the closure of individual lanes or the entire road.  Also, includes the replacement of the City-owned portion of substandard water service connections. The property owner is encouraged to replace the private portion of the substandard water service connection, as well. Also, includes the replacement of the City-owned portion of substandard water service connections. The property owner is encouraged to replace the private portion of the substandard water service connection, as well.",Q2 2026 - Q4 2027,Active,1 - Projects with approved or allocated funding in the Capital Works Program.,Transportation Services,"Lucas Da Costa, Engineering and Construction Services",ldacost@toronto.ca,https://www.toronto.ca/services-payments/streets-parking-transportation/road-maintenance/road-sidewalk-repair/,TS_Road_Reconstruction,12,2026,EXTERNAL,"{""type"": ""LineString"", ""coordinates"": [[-79.4306603358075, 43.7063224618657], [-79.4318104838685, 43.7060823742306]]}"
149,11921,TS2023-13-044,2025-03-24,Local Road Reconstruction,SACKVILLE PL&lt;br&gt; From: FLAGLER ST&lt;br&gt; To: BOWMAN ST ,"Replacement of the entire road pavement structure, including the asphalt and underlying support materials. Repair, improvement, or replacement of: road drainage, curbs, boulevards and sidewalks. Work may include the closure of individual lanes or the entire road.  Also, includes the replacement of the City-owned portion of substandard water service connections. The property owner is encouraged to replace the private portion of the substandard water service connection, as well. Also, includes the replacement of the City-owned portion of substandard water service connections. The property owner is encouraged to replace the private portion of the substandard water service connection, as well.",Q4 2025 - Q3 2026,Active,1 - Projects with approved or allocated funding in the Capital Works Program.,Transportation Services,"Amran Durrani, Engineering and Construction Services",adurran2@toronto.ca,https://www.toronto.ca/services-payments/streets-parking-transportation/road-maintenance/road-sidewalk-repair/,TS_Road_Reconstruction,12,2025,EXTERNAL,"{""type"": ""LineString"", ""coordinates"": [[-79.3646466576578, 43.6659828749929], [-79.3641587769398, 43.6660933151395]]}"
150,11936, ,2025-12-03,Laneway Reconstruction,FITZROY TER&lt;br&gt; From: KENSINGTON AVE (TO)&lt;br&gt; To: [50 m W] KENSINGTON AVE (TO) ,"Replacement of the entire laneway pavement structure, including the asphalt, concrete and underlying support materials. Repair, improvement, or replacement of laneway drainage, curbs, and associated areas. Work may include the closure of individual lanes or the entire laneway. Also, includes the replacement of the City-owned portion of substandard water service connections. The property owner is encouraged to replace the private portion of the substandard water service connection, as well.",Q2 2027 - Q4 2028,Active,1 - Projects with approved or allocated funding in the Capital Works Program.,Transportation Services,"Steven Bertolo, Engineering and Construction Services",sbertol@toronto.ca,https://www.toronto.ca/services-payments/streets-parking-transportation/road-maintenance/road-sidewalk-repair/,TS_Road_Reconstruction,12,2027,EXTERNAL,"{""type"": ""LineString"", ""coordinates"": [[-79.4001992199015, 43.6534389269145], [-79.4007953113884, 43.6533083689239]]}"
151,12030, ,2024-03-14,Local Road Reconstruction,WANLESS CRES&lt;br&gt; From: ST IVES AVE&lt;br&gt; To: [E] BUCKINGHAM AVE [CITY LIMITS] ,"Replacement of the entire road pavement structure, including the asphalt and underlying support materials. Repair, improvement, or replacement of: road drainage, curbs, boulevards and sidewalks. Work may include the closure of individual lanes or the entire road.  Also, includes the replacement of the City-owned portion of substandard water service connections. The property owner is encouraged to replace the private portion of the substandard water service connection, as well. Also, includes the replacement of the City-owned portion of substandard water service connections. The property owner is encouraged to replace the private portion of the substandard water service connection, as well.",Q4 2027 - Q1 2030,Active,1 - Projects with approved or allocated funding in the Capital Works Program.,Transportation Services,"Harry Persaud, Engineering and Construction Services",hpersau3@toronto.ca,https://www.toronto.ca/services-payments/streets-parking-transportation/road-maintenance/road-sidewalk-repair/,TS_Road_Reconstruction,12,2027,EXTERNAL,"{""type"": ""LineString"", ""coordinates"": [[-79.3904034038827, 43.7265557747091], [-79.3903233027828, 43.7265842939174], [-79.3902424601504, 43.7266116971037], [-79.3901487546399, 43.7266540290297], [-79.3900433447988, 43.7267028305125], [-79.3899831097828, 43.726735096004], [-79.3899295542119, 43.7267657566741], [-79.3898944124013, 43.7267875139293], [-79.3898762535612, 43.726800197185], [-79.3898692280134, 43.7268063967709]]}"
152,12152,TS2023-19-440,2024-03-14,Local Road Rehabilitation,BARKER AVE (E YK)&lt;br&gt; From: CEDARVALE AVE&lt;br&gt; To: KING EDWARD AVE ,"Replacement of partial road pavement structure or entire road pavement structure for either partial lane width, full lane width or full road width. This could include the asphalt and underlying support materials. Repair, improvement or replacement of road drainage, damaged sidewalk, boulevards and curbs. Work may include the closure of individual lanes or the entire road.",Q1 2027 - Q4 2027,Active,,Transportation Services,"Christy Manoharan, Engineering and Construction Services",cmanoha@toronto.ca,https://www.toronto.ca/services-payments/streets-parking-transportation/road-maintenance/road-sidewalk-repair/,TS_Road_Reconstruction,12,2027,EXTERNAL,"{""type"": ""LineString"", ""coordinates"": [[-79.3146759823346, 43.6947314523992], [-79.3145799908176, 43.6947620820384], [-79.3134045612865, 43.6950339831121]]}"
153,12167,TS2023-09-011,2023-02-13,Local Road Rehabilitation,ASCOT AVE&lt;br&gt; From: DUFFERIN ST&lt;br&gt; To: ST CLAIR GDNS ,"Replacement of partial road pavement structure or entire road pavement structure for either partial lane width, full lane width or full road width. This could include the asphalt and underlying support materials. Repair, improvement or replacement of road drainage, damaged sidewalk, boulevards and curbs. Work may include the closure of individual lanes or the entire road.",Q3 2026 - Q2 2027,Active,,Transportation Services,"Lucas Da Costa, Engineering and Construction Services",ldacost@toronto.ca,https://www.toronto.ca/services-payments/streets-parking-transportation/road-maintenance/road-sidewalk-repair/,TS_Road_Reconstruction,12,2026,EXTERNAL,"{""type"": ""LineString"", ""coordinates"": [[-79.4439547821963, 43.6801495411554], [-79.4454150061561, 43.679822893364], [-79.4459694905645, 43.6796988576399]]}"
154,12212,1,2025-08-21,Local Road Reconstruction,ST LEONARDS AVE&lt;br&gt; From: [155 m W] MILDENHALL RD&lt;br&gt; To: LEWES CRES ,"Replacement of the entire road pavement structure, including the asphalt and underlying support materials. Repair, improvement, or replacement of: road drainage, curbs, boulevards and sidewalks. Work may include the closure of individual lanes or the entire road.  Also, includes the replacement of the City-owned portion of substandard water service connections. The property owner is encouraged to replace the private portion of the substandard water service connection, as well. Also, includes the replacement of the City-owned portion of substandard water service connections. The property owner is encouraged to replace the private portion of the substandard water service connection, as well.",Q4 2027 - Q1 2030,Active,1 - Projects with approved or allocated funding in the Capital Works Program.,Transportation Services,"Harry Persaud, Engineering and Construction Services",hpersau3@toronto.ca,https://www.toronto.ca/services-payments/streets-parking-transportation/road-maintenance/road-sidewalk-repair/,TS_Road_Reconstruction,12,2027,EXTERNAL,"{""type"": ""LineString"", ""coordinates"": [[-79.3868376928893, 43.7241643255961], [-79.3849823905845, 43.7245527091598], [-79.3840849904927, 43.7247559634183]]}"
155,12214, ,2024-11-14,Local Road Reconstruction,MITRE PL&lt;br&gt; From: HOLYWELL DR&lt;br&gt; To: HOLYWELL DR ,"Replacement of the entire road pavement structure, including the asphalt and underlying support materials. Repair, improvement, or replacement of: road drainage, curbs, boulevards and sidewalks. Work may include the closure of individual lanes or the entire road.  Also, includes the replacement of the City-owned portion of substandard water service connections. The property owner is encouraged to replace the private portion of the substandard water service connection, as well. Also, includes the replacement of the City-owned portion of substandard water service connections. The property owner is encouraged to replace the private portion of the substandard water service connection, as well.",Q4 2025 - Q1 2027,Active,1 - Projects with approved or allocated funding in the Capital Works Program.,Transportation Services,"Martina Betkova, Engineering and Construction Services",mbetkov@toronto.ca,https://www.toronto.ca/services-payments/streets-parking-transportation/road-maintenance/road-sidewalk-repair/,TS_Road_Reconstruction,12,2025,EXTERNAL,"{""type"": ""LineString"", ""coordinates"": [[-79.5540771446468, 43.6887890391888], [-79.553917401962, 43.6886250047371], [-79.5538202859574, 43.6885259119776], [-79.5537166795524, 43.6884079122508], [-79.5536486863355, 43.6883190041267], [-79.5535904664044, 43.6881991116004], [-79.5535590488738, 43.6881031130436], [-79.5535355356589, 43.688010126211], [-79.5535167285522, 43.6879797565246], [-79.5534826918169, 43.6879525534185], [-79.5534515352455, 43.6879419545569], [-79.5533842784569, 43.6879424882594], [-79.5533342255082, 43.687942006651], [-79.5532895510738, 43.6879639618585], [-79.553198942574, 43.6879988886079], [-79.5530882438889, 43.688040764621], [-79.5526545907676, 43.6881798192757], [-79.5526215137251, 43.6881873127885], [-79.5525127692641, 43.6882107598793], [-79.5524357015741, 43.6882426184583], [-79.5524173913862, 43.6883151098341], [-79.552472969827, 43.6884212168754], [-79.5525248771413, 43.6885149667886], [-79.5525753931213, 43.6886630023605], [-79.5526250563884, 43.6887860317862], [-79.5527156074446, 43.6889273959899], [-79.552810292546, 43.6890438075051], [-79.5530985528429, 43.6893453714308]]}"
156,12286, ,2024-08-14,Major Road Rehabilitation,GREENWOOD AVE&lt;br&gt; From: MILVERTON BLVD&lt;br&gt; To: [34.60 m N] MILVERTON BLVD [CITY LIMITS] ,"Replacement of partial road pavement structure or entire road pavement structure for either partial lane width, full lane width or full road width. This could include the asphalt and underlying support materials. Repair, improvement or replacement of road drainage, damaged sidewalk, boulevards and curbs. Work may include the closure of individual lanes or the entire road.",Q3 2025 - Q3 2026 (Carry-Over),Active,,Transportation Services,"Promil Sarkar, Engineering and Construction Services",psarkar@toronto.ca,https://www.toronto.ca/services-payments/streets-parking-transportation/road-maintenance/road-sidewalk-repair/,TS_Road_Reconstruction,12,2025,EXTERNAL,"{""type"": ""LineString"", ""coordinates"": [[-79.3337588108849, 43.6847137012434], [-79.3339042258784, 43.6850841471032]]}"
157,12299, ,2023-02-13,Local Road Rehabilitation,MACPHERSON AVE&lt;br&gt; From: MADISON AVE&lt;br&gt; To: SPADINA RD (TO) ,"Replacement of partial road pavement structure or entire road pavement structure for either partial lane width, full lane width or full road width. This could include the asphalt and underlying support materials. Repair, improvement or replacement of road drainage, damaged sidewalk, boulevards and curbs. Work may include the closure of individual lanes or the entire road.",Q3 2026 - Q2 2027,Active,,Transportation Services,"Lucas Da Costa, Engineering and Construction Services",ldacost@toronto.ca,https://www.toronto.ca/services-payments/streets-parking-transportation/road-maintenance/road-sidewalk-repair/,TS_Road_Reconstruction,12,2026,EXTERNAL,"{""type"": ""LineString"", ""coordinates"": [[-79.4063298369843, 43.6761221387338], [-79.4066741646819, 43.6760507059513], [-79.4068049039809, 43.6760167777231], [-79.4069870403323, 43.6759529194814], [-79.4071208602984, 43.6759146808652], [-79.407379142515, 43.6758583981441], [-79.4074931331635, 43.6758691741159]]}"
158,12317, ,2023-05-19,Local Road Reconstruction,HOPEWELL AVE&lt;br&gt; From: MARLEE AVE&lt;br&gt; To: TIMES RD ,"Replacement of the entire road pavement structure, including the asphalt and underlying support materials. Repair, improvement, or replacement of: road drainage, curbs, boulevards and sidewalks. Work may include the closure of individual lanes or the entire road.  Also, includes the replacement of the City-owned portion of substandard water service connections. The property owner is encouraged to replace the private portion of the substandard water service connection, as well. Also, includes the replacement of the City-owned portion of substandard water service connections. The property owner is encouraged to replace the private portion of the substandard water service connection, as well.",Q3 2025 - Q4 2028 (Carry-Over),Active,1 - Projects with approved or allocated funding in the Capital Works Program.,Transportation Services,"Marfique Ahmed, Engineering and Construction Services",mahmed2@toronto.ca,https://www.toronto.ca/services-payments/streets-parking-transportation/road-maintenance/road-sidewalk-repair/,TS_Road_Reconstruction,12,2024,EXTERNAL,"{""type"": ""LineString"", ""coordinates"": [[-79.4406106476053, 43.7010844340071], [-79.443447899153, 43.7004764339604], [-79.4452427008093, 43.7000898071295], [-79.4453636692644, 43.7000476715019], [-79.44544233942, 43.7000148165905], [-79.445502550132, 43.6999812246217], [-79.4456050737352, 43.6999383454378]]}"
159,12472,1,2024-03-14,Local Road Reconstruction,PEMBURY AVE&lt;br&gt; From: ST LEONARDS AVE&lt;br&gt; To: LAWRENCE BAYVIEW S [RAMP] ,"Replacement of the entire road pavement structure, including the asphalt and underlying support materials. Repair, improvement, or replacement of: road drainage, curbs, boulevards and sidewalks. Work may include the closure of individual lanes or the entire road.  Also, includes the replacement of the City-owned portion of substandard water service connections. The property owner is encouraged to replace the private portion of the substandard water service connection, as well. Also, includes the replacement of the City-owned portion of substandard water service connections. The property owner is encouraged to replace the private portion of the substandard water service connection, as well.",Q4 2027 - Q1 2030,Active,1 - Projects with approved or allocated funding in the Capital Works Program.,Transportation Services,"Harry Persaud, Engineering and Construction Services",hpersau3@toronto.ca,https://www.toronto.ca/services-payments/streets-parking-transportation/road-maintenance/road-sidewalk-repair/,TS_Road_Reconstruction,12,2027,EXTERNAL,"{""type"": ""LineString"", ""coordinates"": [[-79.3811784911169, 43.7253741502017], [-79.3813193309742, 43.7259049593112], [-79.3813273725343, 43.7259176594103], [-79.3813346688747, 43.7259306107699], [-79.3813410972023, 43.7259437691566], [-79.3813467790345, 43.7259571959051], [-79.3813516042565, 43.7259707117765], [-79.3813556484378, 43.7259843897594], [-79.3813589837494, 43.7259981381162], [-79.3813613133955, 43.726012030349], [-79.3813628982468, 43.7260259569136], [-79.3813636153853, 43.7260399365849], [-79.381363586412, 43.7260539883918], [-79.3813626888584, 43.7260679033785], [-79.3813609223651, 43.7260818633695], [-79.3813582884783, 43.7260957135451], [-79.3813549087439, 43.7261095008379], [-79.3813515297026, 43.7261229361828], [-79.3813473504182, 43.7261393420064]]}"
160,12519, ,2024-04-26,Local Road Reconstruction,MINUK ACRES&lt;br&gt; From: BEECHGROVE DR&lt;br&gt; To: [193 m S] BEECHGROVE DR [CUL-DE-SAC] ,"Replacement of the entire road pavement structure, including the asphalt and underlying support materials. Repair, improvement, or replacement of: road drainage, curbs, boulevards and sidewalks. Work may include the closure of individual lanes or the entire road.  Also, includes the replacement of the City-owned portion of substandard water service connections. The property owner is encouraged to replace the private portion of the substandard water service connection, as well. Also, includes the replacement of the City-owned portion of substandard water service connections. The property owner is encouraged to replace the private portion of the substandard water service connection, as well.",Q2 2026 - Q4 2026,Active,1 - Projects with approved or allocated funding in the Capital Works Program.,Transportation Services,"Niloufar Mohajerani, Engineering and Construction Services",nmohaje@toronto.ca,https://www.toronto.ca/services-payments/streets-parking-transportation/road-maintenance/road-sidewalk-repair/,TS_Road_Reconstruction,12,2025,EXTERNAL,"{""type"": ""LineString"", ""coordinates"": [[-79.1578992581969, 43.7663211783042], [-79.1579477710083, 43.7662314198049], [-79.1579588735707, 43.7660470235359], [-79.1579068533898, 43.765920147557], [-79.1573528687072, 43.7646543904454]]}"
161,12535, ,2021-07-30,Laneway Rehabilitation,[43.30 m N] TYRREL AVE&lt;br&gt; From: CHRISTIE ST&lt;br&gt; To: [29.60 m E] RUSHTON RD ,"Replacement of partial or entire laneway pavement structure for either partial or full laneway width. This could include the asphalt, concrete and underlying support materials. Repair, improvement or replacement of laneway drainage, curbs and associated areas. Work may include the closure of individual lanes or the entire laneway.",Q4 2025 - Q3 2026 (Carry-Over),Active,,Transportation Services,"Christy Manoharan, Engineering and Construction Services",cmanoha@toronto.ca,https://www.toronto.ca/services-payments/streets-parking-transportation/road-maintenance/road-sidewalk-repair/,TS_Road_Reconstruction,12,2025,EXTERNAL,"{""type"": ""LineString"", ""coordinates"": [[-79.4244727718885, 43.6786923885046], [-79.424953126144, 43.678584698081], [-79.4250050082343, 43.6785424259437], [-79.4255867536006, 43.678411215879]]}"
162,12549, ,2025-07-18,Local Road Rehabilitation,HAZEL AVE&lt;br&gt; From: FERNWOOD PARK AVE&lt;br&gt; To: BEECH AVE ,"Replacement of partial road pavement structure or entire road pavement structure for either partial lane width, full lane width or full road width. This could include the asphalt and underlying support materials. Repair, improvement or replacement of road drainage, damaged sidewalk, boulevards and curbs. Work may include the closure of individual lanes or the entire road.",Q3 2026 - Q4 2026,Active,,Transportation Services,"Tony Rodrigues, Engineering and Construction Services",trodrig@toronto.ca,https://www.toronto.ca/services-payments/streets-parking-transportation/road-maintenance/road-sidewalk-repair/,TS_Road_Reconstruction,12,2026,EXTERNAL,"{""type"": ""LineString"", ""coordinates"": [[-79.2884618650676, 43.6714813993987], [-79.2879610380909, 43.6716000288966], [-79.2872199936983, 43.6717511235502]]}"
163,12555, ,2025-09-10,Local Road Rehabilitation,BOSWELL AVE&lt;br&gt; From: [240.80 m E] BEDFORD RD [END]&lt;br&gt; To: BEDFORD RD ,"Replacement of partial road pavement structure or entire road pavement structure for either partial lane width, full lane width or full road width. This could include the asphalt and underlying support materials. Repair, improvement or replacement of road drainage, damaged sidewalk, boulevards and curbs. Work may include the closure of individual lanes or the entire road.",Q1 2025 - Q3 2025,Active,,Transportation Services,"Angela Au, Engineering and Construction Services",aau2@toronto.ca,https://www.toronto.ca/services-payments/streets-parking-transportation/road-maintenance/road-sidewalk-repair/,TS_Road_Reconstruction,12,2025,EXTERNAL,"{""type"": ""LineString"", ""coordinates"": [[-79.3959798989538, 43.6726076617825], [-79.3988644329508, 43.6720084791832]]}"
164,12603, ,2026-04-21,Laneway Reconstruction,[46.30 m N] DUNDAS ST W&lt;br&gt; From: [42.70 m W] BEVERLEY ST&lt;br&gt; To: [95.40 m E] HURON ST ,"Replacement of the entire laneway pavement structure, including the asphalt, concrete and underlying support materials. Repair, improvement, or replacement of laneway drainage, curbs, and associated areas. Work may include the closure of individual lanes or the entire laneway. Also, includes the replacement of the City-owned portion of substandard water service connections. The property owner is encouraged to replace the private portion of the substandard water service connection, as well.",Q2 2026 - Q4 2026,Active,1 - Projects with approved or allocated funding in the Capital Works Program.,Transportation Services,"Niloufar Mohajerani, Engineering and Construction Services",nmohaje@toronto.ca,https://www.toronto.ca/services-payments/streets-parking-transportation/road-maintenance/road-sidewalk-repair/,TS_Road_Reconstruction,12,2026,EXTERNAL,"{""type"": ""LineString"", ""coordinates"": [[-79.3945509542036, 43.6541713678773], [-79.3958991824756, 43.6539042948101]]}"
165,12618, ,2025-10-14,Local Road Reconstruction,HIGHLAND AVE&lt;br&gt; From: [45.70 m E] HIGHLAND GDNS&lt;br&gt; To: [289.60 m E] HIGHLAND GDNS ,"Replacement of the entire road pavement structure, including the asphalt and underlying support materials. Repair, improvement, or replacement of: road drainage, curbs, boulevards and sidewalks. Work may include the closure of individual lanes or the entire road.  Also, includes the replacement of the City-owned portion of substandard water service connections. The property owner is encouraged to replace the private portion of the substandard water service connection, as well. Also, includes the replacement of the City-owned portion of substandard water service connections. The property owner is encouraged to replace the private portion of the substandard water service connection, as well.",Q3 2025 - Q4 2026,Active,1 - Projects with approved or allocated funding in the Capital Works Program.,Transportation Services,"Marfique Ahmed, Engineering and Construction Services",mahmed2@toronto.ca,https://www.toronto.ca/services-payments/streets-parking-transportation/road-maintenance/road-sidewalk-repair/,TS_Road_Reconstruction,12,2025,EXTERNAL,"{""type"": ""LineString"", ""coordinates"": [[-79.3810608091521, 43.6824335694948], [-79.3809993074092, 43.6824251585712], [-79.3809520772989, 43.682410819814], [-79.3808891159895, 43.6823859853215], [-79.3808051827283, 43.68234588701], [-79.3807435545494, 43.6823105763025], [-79.3806727596541, 43.682263823429], [-79.3805901616246, 43.682212295589], [-79.3805023311883, 43.6821512352325], [-79.3804302616098, 43.6820863819406], [-79.3803713069641, 43.6820272572603], [-79.3803293918988, 43.681980535292], [-79.3802704185115, 43.6819309366259], [-79.3802101001075, 43.681898483116], [-79.3801471409532, 43.6818717426375], [-79.3800343088847, 43.6818420927786], [-79.3799621097891, 43.6818420160843], [-79.3798544634212, 43.6818447600091], [-79.3797704257373, 43.6818570538532], [-79.379539493169, 43.6819026012952], [-79.379299128058, 43.6819516992292], [-79.3792281882877, 43.6819606247115], [-79.379169666216, 43.6819560613108], [-79.3791022510116, 43.6819379874093], [-79.3790430635348, 43.6819220095784], [-79.3789866851057, 43.6818876549146], [-79.3789395434463, 43.6818285419992], [-79.3788936981127, 43.6817780023853], [-79.3788412707095, 43.6817360286247], [-79.3787743724755, 43.6817102346528], [-79.3786654307819, 43.6817034463966], [-79.3785435145386, 43.6817156190147]]}"
166,12706, ,2023-10-06,Local Road Rehabilitation,FOSTER PL&lt;br&gt; From: [57.70 m E] ELIZABETH ST (TO) [END]&lt;br&gt; To: ELIZABETH ST (TO) ,"Replacement of partial road pavement structure or entire road pavement structure for either partial lane width, full lane width or full road width. This could include the asphalt and underlying support materials. Repair, improvement or replacement of road drainage, damaged sidewalk, boulevards and curbs. Work may include the closure of individual lanes or the entire road.",Q1 2027 - Q4 2027,Active,,Transportation Services,"Christy Manoharan, Engineering and Construction Services",cmanoha@toronto.ca,https://www.toronto.ca/services-payments/streets-parking-transportation/road-maintenance/road-sidewalk-repair/,TS_Road_Reconstruction,12,2027,EXTERNAL,"{""type"": ""LineString"", ""coordinates"": [[-79.3841195280987, 43.654736809786], [-79.3848612587942, 43.6545472112448]]}"
167,12834,TS2023-13-146,2025-06-13,Laneway Reconstruction,COATSWORTH ST&lt;br&gt; From: ONTARIO ST&lt;br&gt; To: MILAN ST ,"Replacement of the entire laneway pavement structure, including the asphalt, concrete and underlying support materials. Repair, improvement, or replacement of laneway drainage, curbs, and associated areas. Work may include the closure of individual lanes or the entire laneway. Also, includes the replacement of the City-owned portion of substandard water service connections. The property owner is encouraged to replace the private portion of the substandard water service connection, as well.",Q4 2025 - Q3 2026,Active,1 - Projects with approved or allocated funding in the Capital Works Program.,Transportation Services,"Amran Durrani, Engineering and Construction Services",adurran2@toronto.ca,https://www.toronto.ca/services-payments/streets-parking-transportation/road-maintenance/road-sidewalk-repair/,TS_Road_Reconstruction,12,2025,EXTERNAL,"{""type"": ""LineString"", ""coordinates"": [[-79.368401138943, 43.6584551892994], [-79.3678113591853, 43.6585849014364]]}"
168,12837, ,2025-10-31,Laneway Reconstruction,[36 m W] HOPEDALE AVE&lt;br&gt; From: [81 m N] O&apos;CONNOR DR&lt;br&gt; To: [171 m N] O&apos;CONNOR DR ,"Replacement of the entire laneway pavement structure, including the asphalt, concrete and underlying support materials. Repair, improvement, or replacement of laneway drainage, curbs, and associated areas. Work may include the closure of individual lanes or the entire laneway. Also, includes the replacement of the City-owned portion of substandard water service connections. The property owner is encouraged to replace the private portion of the substandard water service connection, as well.",Q3 2027 - Q4 2028,Active,1 - Projects with approved or allocated funding in the Capital Works Program.,Transportation Services,"Adriana Gomez, Engineering and Construction Services",AGOMEZ4@toronto.ca,https://www.toronto.ca/services-payments/streets-parking-transportation/road-maintenance/road-sidewalk-repair/,TS_Road_Reconstruction,12,2026,EXTERNAL,"{""type"": ""LineString"", ""coordinates"": [[-79.3531025231468, 43.6935649128476], [-79.3536153141476, 43.6942004911605]]}"
169,12855, ,2025-10-14,Local Road Reconstruction,ST LEONARDS AVE&lt;br&gt; From: CITY LIMIT&lt;br&gt; To: [155 m W] MILDENHALL RD ,"Replacement of the entire road pavement structure, including the asphalt and underlying support materials. Repair, improvement, or replacement of: road drainage, curbs, boulevards and sidewalks. Work may include the closure of individual lanes or the entire road.  Also, includes the replacement of the City-owned portion of substandard water service connections. The property owner is encouraged to replace the private portion of the substandard water service connection, as well. Also, includes the replacement of the City-owned portion of substandard water service connections. The property owner is encouraged to replace the private portion of the substandard water service connection, as well.",Q4 2027 - Q1 2030,Active,1 - Projects with approved or allocated funding in the Capital Works Program.,Transportation Services,"Rachele Joseph, Engineering and Construction Services",rgjoseph@toronto.ca,https://www.toronto.ca/services-payments/streets-parking-transportation/road-maintenance/road-sidewalk-repair/,TS_Road_Reconstruction,12,2027,EXTERNAL,"{""type"": ""LineString"", ""coordinates"": [[-79.3892506899957, 43.7236794705968], [-79.3887718742843, 43.7237594020805], [-79.3868376928893, 43.7241643255961]]}"
170,12893, ,2025-04-12,Local Road Reconstruction,JIMMY WISDOM WAY&lt;br&gt; From: BELGRAVIA AVE&lt;br&gt; To: WHITMORE AVE ,"Replacement of the entire road pavement structure, including the asphalt and underlying support materials. Repair, improvement, or replacement of: road drainage, curbs, boulevards and sidewalks. Work may include the closure of individual lanes or the entire road.  Also, includes the replacement of the City-owned portion of substandard water service connections. The property owner is encouraged to replace the private portion of the substandard water service connection, as well. Also, includes the replacement of the City-owned portion of substandard water service connections. The property owner is encouraged to replace the private portion of the substandard water service connection, as well.",Q2 2027 - Q4 2027,Active,1 - Projects with approved or allocated funding in the Capital Works Program.,Transportation Services,"Christy Manoharan, Engineering and Construction Services",cmanoha@toronto.ca,https://www.toronto.ca/services-payments/streets-parking-transportation/road-maintenance/road-sidewalk-repair/,TS_Road_Reconstruction,12,2027,EXTERNAL,"{""type"": ""LineString"", ""coordinates"": [[-79.4479434087337, 43.6978400862883], [-79.4482622786283, 43.6985974849065]]}"
171,12984,TS2023-11-101,2025-09-05,Local Road Reconstruction,KENSINGTON AVE (TO)&lt;br&gt; From: FITZROY TER&lt;br&gt; To: KENSINGTON PL ,"Replacement of the entire road pavement structure, including the asphalt and underlying support materials. Repair, improvement, or replacement of: road drainage, curbs, boulevards and sidewalks. Work may include the closure of individual lanes or the entire road.  Also, includes the replacement of the City-owned portion of substandard water service connections. The property owner is encouraged to replace the private portion of the substandard water service connection, as well. Also, includes the replacement of the City-owned portion of substandard water service connections. The property owner is encouraged to replace the private portion of the substandard water service connection, as well.",Q2 2027 - Q4 2028,Active,1 - Projects with approved or allocated funding in the Capital Works Program.,Transportation Services,"Steven Bertolo, Engineering and Construction Services",sbertol@toronto.ca,https://www.toronto.ca/services-payments/streets-parking-transportation/road-maintenance/road-sidewalk-repair/,TS_Road_Reconstruction,12,2027,EXTERNAL,"{""type"": ""LineString"", ""coordinates"": [[-79.4001992199015, 43.6534389269145], [-79.400279997395, 43.6536457378437], [-79.4003105474089, 43.6537239574635], [-79.4003885376535, 43.6539374358791]]}"
172,13158, ,2026-03-19,Local Road Reconstruction,RIDELLE AVE&lt;br&gt; From: BATHURST ST&lt;br&gt; To: MANITOU BLVD ,"Replacement of the entire road pavement structure, including the asphalt and underlying support materials. Repair, improvement, or replacement of: road drainage, curbs, boulevards and sidewalks. Work may include the closure of individual lanes or the entire road.  Also, includes the replacement of the City-owned portion of substandard water service connections. The property owner is encouraged to replace the private portion of the substandard water service connection, as well. Also, includes the replacement of the City-owned portion of substandard water service connections. The property owner is encouraged to replace the private portion of the substandard water service connection, as well.",Q2 2026 - Q4 2027,Active,1 - Projects with approved or allocated funding in the Capital Works Program.,Transportation Services,"Lucas Da Costa, Engineering and Construction Services",ldacost@toronto.ca,https://www.toronto.ca/services-payments/streets-parking-transportation/road-maintenance/road-sidewalk-repair/,TS_Road_Reconstruction,12,2026,EXTERNAL,"{""type"": ""LineString"", ""coordinates"": [[-79.4268565582106, 43.7071050983717], [-79.4285835861986, 43.7067692737433]]}"
173,13166,TS2023-06_07-301,2024-06-21,Local Road Reconstruction,SENTINEL RD&lt;br&gt; From: STILECROFT DR&lt;br&gt; To: GRANDRAVINE DR ,"Replacement of the entire road pavement structure, including the asphalt and underlying support materials. Repair, improvement, or replacement of: road drainage, curbs, boulevards and sidewalks. Work may include the closure of individual lanes or the entire road.  Also, includes the replacement of the City-owned portion of substandard water service connections. The property owner is encouraged to replace the private portion of the substandard water service connection, as well. Also, includes the replacement of the City-owned portion of substandard water service connections. The property owner is encouraged to replace the private portion of the substandard water service connection, as well.",Q3 2024 - Q4 2025,Active,1 - Projects with approved or allocated funding in the Capital Works Program.,Transportation Services,"Osa Ehioghiren, Engineering and Construction Services",oehiogh@toronto.ca,https://www.toronto.ca/services-payments/streets-parking-transportation/road-maintenance/road-sidewalk-repair/,TS_Road_Reconstruction,12,2024,EXTERNAL,"{""type"": ""LineString"", ""coordinates"": [[-79.4941939944994, 43.7504412017151], [-79.4942774937375, 43.750585732842], [-79.4943385959284, 43.7507088768396], [-79.4943879517114, 43.75080465567], [-79.4944753552535, 43.7509159003885], [-79.4946241992533, 43.7510625874774], [-79.4947527429424, 43.7511657778305], [-79.4948499703961, 43.7512267950997], [-79.4949186879399, 43.7512713919295], [-79.4950927175776, 43.7513727926704], [-79.4952344757438, 43.7514490226441], [-79.4956576797227, 43.7516805909094]]}"
174,13172, ,2024-12-12,Laneway Reconstruction,COLBORNE LANE&lt;br&gt; From: LEADER LANE&lt;br&gt; To: [29 m W] CHURCH ST ,"Replacement of the entire laneway pavement structure, including the asphalt, concrete and underlying support materials. Repair, improvement, or replacement of laneway drainage, curbs, and associated areas. Work may include the closure of individual lanes or the entire laneway. Also, includes the replacement of the City-owned portion of substandard water service connections. The property owner is encouraged to replace the private portion of the substandard water service connection, as well.",Q3 2025 - Q4 2026,Active,1 - Projects with approved or allocated funding in the Capital Works Program.,Transportation Services,"Marfique Ahmed, Engineering and Construction Services",mahmed2@toronto.ca,https://www.toronto.ca/services-payments/streets-parking-transportation/road-maintenance/road-sidewalk-repair/,TS_Road_Reconstruction,12,2025,EXTERNAL,"{""type"": ""LineString"", ""coordinates"": [[-79.3753269587146, 43.6486930796184], [-79.3744918944045, 43.6488825806721]]}"
175,13186, ,2025-04-12,Laneway Reconstruction,[42.70 m S] NORTHUMBERLAND ST&lt;br&gt; From: [37.80 m W] OSSINGTON AVE&lt;br&gt; To: CONCORD AVE ,"Replacement of the entire laneway pavement structure, including the asphalt, concrete and underlying support materials. Repair, improvement, or replacement of laneway drainage, curbs, and associated areas. Work may include the closure of individual lanes or the entire laneway. Also, includes the replacement of the City-owned portion of substandard water service connections. The property owner is encouraged to replace the private portion of the substandard water service connection, as well.",Q2 2027 - Q4 2027,Active,1 - Projects with approved or allocated funding in the Capital Works Program.,Transportation Services,"Osa Ehioghiren, Engineering and Construction Services",oehiogh@toronto.ca,https://www.toronto.ca/services-payments/streets-parking-transportation/road-maintenance/road-sidewalk-repair/,TS_Road_Reconstruction,12,2027,EXTERNAL,"{""type"": ""LineString"", ""coordinates"": [[-79.4270812951849, 43.6623513366051], [-79.4265170795357, 43.6624741982785]]}"
176,13203,TS2023-11-008,2024-06-26,Local Road Reconstruction,ALBANY AVE&lt;br&gt; From: [W] BARTON AVE [BRANCH]&lt;br&gt; To: WELLS ST ,"Replacement of the entire road pavement structure, including the asphalt and underlying support materials. Repair, improvement, or replacement of: road drainage, curbs, boulevards and sidewalks. Work may include the closure of individual lanes or the entire road.  Also, includes the replacement of the City-owned portion of substandard water service connections. The property owner is encouraged to replace the private portion of the substandard water service connection, as well. Also, includes the replacement of the City-owned portion of substandard water service connections. The property owner is encouraged to replace the private portion of the substandard water service connection, as well.",Q2 2024 - Q3 2024,Active,1 - Projects with approved or allocated funding in the Capital Works Program.,Transportation Services,"Christy Manoharan, Engineering and Construction Services",cmanoha@toronto.ca,https://www.toronto.ca/services-payments/streets-parking-transportation/road-maintenance/road-sidewalk-repair/,TS_Road_Reconstruction,12,2024,EXTERNAL,"{""type"": ""LineString"", ""coordinates"": [[-79.411166032323, 43.6683707897451], [-79.4114268214077, 43.6690129328934], [-79.4115134966097, 43.6692330780659], [-79.4119663434579, 43.6703831730007]]}"
177,13224, ,2024-06-26,Local Road Rehabilitation,WALMER RD&lt;br&gt; From: BERNARD AVE&lt;br&gt; To: DUPONT ST ,"Replacement of partial road pavement structure or entire road pavement structure for either partial lane width, full lane width or full road width. This could include the asphalt and underlying support materials. Repair, improvement or replacement of road drainage, damaged sidewalk, boulevards and curbs. Work may include the closure of individual lanes or the entire road.",Q2 2024 - Q3 2024,Active,,Transportation Services,"Christy Manoharan, Engineering and Construction Services",cmanoha@toronto.ca,https://www.toronto.ca/services-payments/streets-parking-transportation/road-maintenance/road-sidewalk-repair/,TS_Road_Reconstruction,12,2024,EXTERNAL,"{""type"": ""LineString"", ""coordinates"": [[-79.4072000442044, 43.6719424719085], [-79.4072545488145, 43.6720174980939], [-79.4082614536457, 43.6746125535303]]}"
178,13227, ,2023-03-24,Major Road Reconstruction,BLOOR ST W&lt;br&gt; From: ST GEORGE ST (TO)&lt;br&gt; To: HURON ST ,"Replacement of the entire road pavement structure, including the asphalt and underlying support materials. Repair, improvement, or replacement of: road drainage, curbs, boulevards and sidewalks. Work may include the closure of individual lanes or the entire road.  Also, includes the replacement of the City-owned portion of substandard water service connections. The property owner is encouraged to replace the private portion of the substandard water service connection, as well. Also, includes the replacement of the City-owned portion of substandard water service connections. The property owner is encouraged to replace the private portion of the substandard water service connection, as well.",Q3 2023 - Q2 2025 (Carry-Over),Active,1 - Projects with approved or allocated funding in the Capital Works Program.,Transportation Services,"Ahmed Bhabha, Engineering and Construction Services",abhabha@toronto.ca,https://www.toronto.ca/services-payments/streets-parking-transportation/road-maintenance/road-sidewalk-repair/,TS_Road_Reconstruction,12,2023,EXTERNAL,"{""type"": ""LineString"", ""coordinates"": [[-79.3998364722679, 43.6675168783568], [-79.4015389542218, 43.6671618641117]]}"
179,13239, ,2025-04-12,Local Road Reconstruction,JIMMY WISDOM WAY&lt;br&gt; From: LIVINGSTONE AVE&lt;br&gt; To: BELGRAVIA AVE ,"Replacement of the entire road pavement structure, including the asphalt and underlying support materials. Repair, improvement, or replacement of: road drainage, curbs, boulevards and sidewalks. Work may include the closure of individual lanes or the entire road.  Also, includes the replacement of the City-owned portion of substandard water service connections. The property owner is encouraged to replace the private portion of the substandard water service connection, as well. Also, includes the replacement of the City-owned portion of substandard water service connections. The property owner is encouraged to replace the private portion of the substandard water service connection, as well.",Q2 2027 - Q4 2027,Active,1 - Projects with approved or allocated funding in the Capital Works Program.,Transportation Services,"Christy Manoharan, Engineering and Construction Services",cmanoha@toronto.ca,https://www.toronto.ca/services-payments/streets-parking-transportation/road-maintenance/road-sidewalk-repair/,TS_Road_Reconstruction,12,2027,EXTERNAL,"{""type"": ""LineString"", ""coordinates"": [[-79.4476356665481, 43.6971054479328], [-79.4479434087337, 43.6978400862883]]}"
180,13267, ,2025-10-31,Laneway Reconstruction,[119.70 m W] VIA ITALIA&lt;br&gt; From: AUBURN AVE&lt;br&gt; To: [34.40 m N] AUBURN AVE ,"Replacement of the entire laneway pavement structure, including the asphalt, concrete and underlying support materials. Repair, improvement, or replacement of laneway drainage, curbs, and associated areas. Work may include the closure of individual lanes or the entire laneway. Also, includes the replacement of the City-owned portion of substandard water service connections. The property owner is encouraged to replace the private portion of the substandard water service connection, as well.",Q3 2027 - Q4 2028,Active,1 - Projects with approved or allocated funding in the Capital Works Program.,Transportation Services,"Adriana Gomez, Engineering and Construction Services",AGOMEZ4@toronto.ca,https://www.toronto.ca/services-payments/streets-parking-transportation/road-maintenance/road-sidewalk-repair/,TS_Road_Reconstruction,12,2026,EXTERNAL,"{""type"": ""LineString"", ""coordinates"": [[-79.4461915623151, 43.674627778711], [-79.4463538719074, 43.6750084237118]]}"
181,13337, ,2024-01-17,Laneway Reconstruction,ALEXANDER PL&lt;br&gt; From: ALEXANDER ST&lt;br&gt; To: MAITLAND ST ,"Replacement of the entire laneway pavement structure, including the asphalt, concrete and underlying support materials. Repair, improvement, or replacement of laneway drainage, curbs, and associated areas. Work may include the closure of individual lanes or the entire laneway. Also, includes the replacement of the City-owned portion of substandard water service connections. The property owner is encouraged to replace the private portion of the substandard water service connection, as well.",Q2 2027 - Q4 2027,Active,1 - Projects with approved or allocated funding in the Capital Works Program.,Transportation Services,"Osa Ehioghiren, Engineering and Construction Services",oehiogh@toronto.ca,https://www.toronto.ca/services-payments/streets-parking-transportation/road-maintenance/road-sidewalk-repair/,TS_Road_Reconstruction,12,2027,EXTERNAL,"{""type"": ""LineString"", ""coordinates"": [[-79.3794628415358, 43.6638277585622], [-79.3796143503058, 43.6641775689253], [-79.3798773197217, 43.6647847472791]]}"
182,13349, ,2025-09-10,Local Road Rehabilitation,WINONA DR&lt;br&gt; From: BELVIDERE AVE&lt;br&gt; To: BUDE ST ,"Replacement of partial road pavement structure or entire road pavement structure for either partial lane width, full lane width or full road width. This could include the asphalt and underlying support materials. Repair, improvement or replacement of road drainage, damaged sidewalk, boulevards and curbs. Work may include the closure of individual lanes or the entire road.",Q3 2025 - Q4 2025,Active,,Transportation Services,"Cherry Chen, Engineering and Construction Services",cchen9@toronto.ca,https://www.toronto.ca/services-payments/streets-parking-transportation/road-maintenance/road-sidewalk-repair/,TS_Road_Reconstruction,12,2025,EXTERNAL,"{""type"": ""LineString"", ""coordinates"": [[-79.4372030869412, 43.6935452718115], [-79.4377070698746, 43.6947908537938]]}"
183,13354,1,2025-10-14,Local Road Reconstruction,ROCHESTER AVE&lt;br&gt; From: ST IVES CRES&lt;br&gt; To: LEWES CRES ,"Replacement of the entire road pavement structure, including the asphalt and underlying support materials. Repair, improvement, or replacement of: road drainage, curbs, boulevards and sidewalks. Work may include the closure of individual lanes or the entire road.  Also, includes the replacement of the City-owned portion of substandard water service connections. The property owner is encouraged to replace the private portion of the substandard water service connection, as well. Also, includes the replacement of the City-owned portion of substandard water service connections. The property owner is encouraged to replace the private portion of the substandard water service connection, as well.",Q4 2027 - Q1 2030,Active,1 - Projects with approved or allocated funding in the Capital Works Program.,Transportation Services,"Rachele Joseph, Engineering and Construction Services",rgjoseph@toronto.ca,https://www.toronto.ca/services-payments/streets-parking-transportation/road-maintenance/road-sidewalk-repair/,TS_Road_Reconstruction,12,2027,EXTERNAL,"{""type"": ""LineString"", ""coordinates"": [[-79.3894553293459, 43.7246704869109], [-79.3853886041248, 43.7255219245174]]}"
184,13355, ,2025-10-31,Laneway Reconstruction,[33.50 m W] DUFFERIN ST&lt;br&gt; From: WALLACE AVE&lt;br&gt; To: ARMSTRONG AVE ,"Replacement of the entire laneway pavement structure, including the asphalt, concrete and underlying support materials. Repair, improvement, or replacement of laneway drainage, curbs, and associated areas. Work may include the closure of individual lanes or the entire laneway. Also, includes the replacement of the City-owned portion of substandard water service connections. The property owner is encouraged to replace the private portion of the substandard water service connection, as well.",Q3 2027 - Q4 2028,Active,1 - Projects with approved or allocated funding in the Capital Works Program.,Transportation Services,"Adriana Gomez, Engineering and Construction Services",AGOMEZ4@toronto.ca,https://www.toronto.ca/services-payments/streets-parking-transportation/road-maintenance/road-sidewalk-repair/,TS_Road_Reconstruction,12,2026,EXTERNAL,"{""type"": ""LineString"", ""coordinates"": [[-79.4375930489412, 43.6637435697705], [-79.4377521981833, 43.664152275056], [-79.4379324075646, 43.6646151687842]]}"
185,13357, ,2024-04-16,Local Road Rehabilitation,SEATON ST&lt;br&gt; From: DUNDAS ST E&lt;br&gt; To: GERRARD ST E ,"Replacement of partial road pavement structure or entire road pavement structure for either partial lane width, full lane width or full road width. This could include the asphalt and underlying support materials. Repair, improvement or replacement of road drainage, damaged sidewalk, boulevards and curbs. Work may include the closure of individual lanes or the entire road.",Q1 2025 - Q3 2025,Active,,Transportation Services,"Angela Au, Engineering and Construction Services",aau2@toronto.ca,https://www.toronto.ca/services-payments/streets-parking-transportation/road-maintenance/road-sidewalk-repair/,TS_Road_Reconstruction,12,2024,EXTERNAL,"{""type"": ""LineString"", ""coordinates"": [[-79.3695116514794, 43.6586590313533], [-79.3696886692824, 43.6590910440869], [-79.3701538980114, 43.6602263551023], [-79.3705442832578, 43.6611790599356], [-79.3707022026958, 43.6615644097245]]}"
186,13429,TS2023-11-436,2025-09-05,Local Road Reconstruction,BALDWIN ST&lt;br&gt; From: SPADINA AVE&lt;br&gt; To: [98 m W] SPADINA AVE ,"Replacement of the entire road pavement structure, including the asphalt and underlying support materials. Repair, improvement, or replacement of: road drainage, curbs, boulevards and sidewalks. Work may include the closure of individual lanes or the entire road.  Also, includes the replacement of the City-owned portion of substandard water service connections. The property owner is encouraged to replace the private portion of the substandard water service connection, as well. Also, includes the replacement of the City-owned portion of substandard water service connections. The property owner is encouraged to replace the private portion of the substandard water service connection, as well.",Q2 2027 - Q4 2028,Active,1 - Projects with approved or allocated funding in the Capital Works Program.,Transportation Services,"Steven Bertolo, Engineering and Construction Services",sbertol@toronto.ca,https://www.toronto.ca/services-payments/streets-parking-transportation/road-maintenance/road-sidewalk-repair/,TS_Road_Reconstruction,12,2027,EXTERNAL,"{""type"": ""LineString"", ""coordinates"": [[-79.3989262173483, 43.6551380274871], [-79.4002782277325, 43.6548582970667]]}"
187,13488, ,2025-10-31,Laneway Reconstruction,[87.20 m N] DAVENPORT RD&lt;br&gt; From: GREENLAW AVE&lt;br&gt; To: ST CLARENS AVE ,"Replacement of the entire laneway pavement structure, including the asphalt, concrete and underlying support materials. Repair, improvement, or replacement of laneway drainage, curbs, and associated areas. Work may include the closure of individual lanes or the entire laneway. Also, includes the replacement of the City-owned portion of substandard water service connections. The property owner is encouraged to replace the private portion of the substandard water service connection, as well.",Q3 2027 - Q4 2028,Active,1 - Projects with approved or allocated funding in the Capital Works Program.,Transportation Services,"Adriana Gomez, Engineering and Construction Services",AGOMEZ4@toronto.ca,https://www.toronto.ca/services-payments/streets-parking-transportation/road-maintenance/road-sidewalk-repair/,TS_Road_Reconstruction,12,2026,EXTERNAL,"{""type"": ""LineString"", ""coordinates"": [[-79.4464401861922, 43.672909534591], [-79.4464681309669, 43.6728510030595], [-79.4465036843606, 43.6728113859667], [-79.4465549600059, 43.6727870163589], [-79.4471822074002, 43.6726508225971], [-79.44780806402, 43.6725149217989]]}"
188,14771, ,2026-03-11,Laneway Reconstruction,LEADER LANE&lt;br&gt; From: COLBORNE ST&lt;br&gt; To: KING ST E ,"Replacement of the entire laneway pavement structure, including the asphalt, concrete and underlying support materials. Repair, improvement, or replacement of laneway drainage, curbs, and associated areas. Work may include the closure of individual lanes or the entire laneway. Also, includes the replacement of the City-owned portion of substandard water service connections. The property owner is encouraged to replace the private portion of the substandard water service connection, as well.",Q3 2025 - Q4 2026,Active,1 - Projects with approved or allocated funding in the Capital Works Program.,Transportation Services,"Marfique Ahmed, Engineering and Construction Services",mahmed2@toronto.ca,https://www.toronto.ca/services-payments/streets-parking-transportation/road-maintenance/road-sidewalk-repair/,TS_Road_Reconstruction,12,2025,EXTERNAL,"{""type"": ""LineString"", ""coordinates"": [[-79.3754504316776, 43.6489765510062], [-79.3755293657239, 43.6491712293307], [-79.3755633110524, 43.6492526295987], [-79.3757196347688, 43.6496404261973]]}"
189,15271, ,2026-04-20,Local Road Reconstruction,CHEMICAL CRT&lt;br&gt; From: [305 m S] CORONATION DR [CUL-DE-SAC]&lt;br&gt; To: CORONATION DR ,"Replacement of the entire road pavement structure, including the asphalt and underlying support materials. Repair, improvement, or replacement of: road drainage, curbs, boulevards and sidewalks. Work may include the closure of individual lanes or the entire road.  Also, includes the replacement of the City-owned portion of substandard water service connections. The property owner is encouraged to replace the private portion of the substandard water service connection, as well. Also, includes the replacement of the City-owned portion of substandard water service connections. The property owner is encouraged to replace the private portion of the substandard water service connection, as well.",Q2 2026 - Q4 2026,Active,1 - Projects with approved or allocated funding in the Capital Works Program.,Transportation Services,"Niloufar Mohajerani, Engineering and Construction Services",nmohaje@toronto.ca,https://www.toronto.ca/services-payments/streets-parking-transportation/road-maintenance/road-sidewalk-repair/,TS_Road_Reconstruction,12,2026,EXTERNAL,"{""type"": ""LineString"", ""coordinates"": [[-79.1620622871605, 43.7627011717355], [-79.1622774220258, 43.7632646970804], [-79.1625531024077, 43.7639405985815], [-79.1629828782256, 43.7649679518757], [-79.1632110474337, 43.7655356839205]]}"
190,15552, ,2021-04-12,Laneway Reconstruction,[32 m E] ST CLARENS AVE&lt;br&gt; From: COLLEGE ST (TO)&lt;br&gt; To: [27.80 m N] COLLEGE ST (TO) ,"Replacement of the entire laneway pavement structure, including the asphalt, concrete and underlying support materials. Repair, improvement, or replacement of laneway drainage, curbs, and associated areas. Work may include the closure of individual lanes or the entire laneway. Also, includes the replacement of the City-owned portion of substandard water service connections. The property owner is encouraged to replace the private portion of the substandard water service connection, as well.",2026,Active,1 - Projects with approved or allocated funding in the Capital Works Program.,Transportation Services,"Augustine Anifowose, Engineering and Construction Services",aanifow@toronto.ca,https://www.toronto.ca/services-payments/streets-parking-transportation/road-maintenance/road-sidewalk-repair/,TS_Road_Reconstruction,12,2026,EXTERNAL,"{""type"": ""LineString"", ""coordinates"": [[-79.4382658698794, 43.6514385788415], [-79.4383769880856, 43.6517237208411]]}"
191,15553, ,2021-04-12,Laneway Reconstruction,[37 m N] WOBURN AVE&lt;br&gt; From: LEDBURY ST&lt;br&gt; To: [43 m W] LEDBURY ST ,"Replacement of the entire laneway pavement structure, including the asphalt, concrete and underlying support materials. Repair, improvement, or replacement of laneway drainage, curbs, and associated areas. Work may include the closure of individual lanes or the entire laneway. Also, includes the replacement of the City-owned portion of substandard water service connections. The property owner is encouraged to replace the private portion of the substandard water service connection, as well.",Q3 2025 - Q4 2025,Active,1 - Projects with approved or allocated funding in the Capital Works Program.,Transportation Services,"Lucas Da Costa, Engineering and Construction Services",ldacost@toronto.ca,https://www.toronto.ca/services-payments/streets-parking-transportation/road-maintenance/road-sidewalk-repair/,TS_Road_Reconstruction,12,2025,EXTERNAL,"{""type"": ""LineString"", ""coordinates"": [[-79.4239127572605, 43.7243788422202], [-79.4244787396344, 43.7242666840196]]}"
192,15564, ,2022-08-29,Laneway Reconstruction,[30.50 m W] OSSINGTON AVE&lt;br&gt; From: BADEN ST&lt;br&gt; To: [30.20 m N] BADEN ST ,"Replacement of the entire laneway pavement structure, including the asphalt, concrete and underlying support materials. Repair, improvement, or replacement of laneway drainage, curbs, and associated areas. Work may include the closure of individual lanes or the entire laneway. Also, includes the replacement of the City-owned portion of substandard water service connections. The property owner is encouraged to replace the private portion of the substandard water service connection, as well.",2026,Active,1 - Projects with approved or allocated funding in the Capital Works Program.,Transportation Services,"Augustine Anifowose, Engineering and Construction Services",aanifow@toronto.ca,https://www.toronto.ca/services-payments/streets-parking-transportation/road-maintenance/road-sidewalk-repair/,TS_Road_Reconstruction,12,2026,EXTERNAL,"{""type"": ""LineString"", ""coordinates"": [[-79.4216355315554, 43.6500756097822], [-79.421591252616, 43.6500841307132], [-79.4217053489407, 43.6503902461918]]}"
193,15807, ,2023-09-11,Laneway Reconstruction,DOUGLAS CAMPBELL LANE&lt;br&gt; From: [57.90 m W] SPADINA AVE&lt;br&gt; To: ROBERT ST ,"Replacement of the entire laneway pavement structure, including the asphalt, concrete and underlying support materials. Repair, improvement, or replacement of laneway drainage, curbs, and associated areas. Work may include the closure of individual lanes or the entire laneway. Also, includes the replacement of the City-owned portion of substandard water service connections. The property owner is encouraged to replace the private portion of the substandard water service connection, as well.",2026,Active,1 - Projects with approved or allocated funding in the Capital Works Program.,Transportation Services,"Augustine Anifowose, Engineering and Construction Services",aanifow@toronto.ca,https://www.toronto.ca/services-payments/streets-parking-transportation/road-maintenance/road-sidewalk-repair/,TS_Road_Reconstruction,12,2026,EXTERNAL,"{""type"": ""LineString"", ""coordinates"": [[-79.4012453655503, 43.6582724129034], [-79.402023594678, 43.6581118072005]]}"
194,15858,TS2023-09-011,2023-02-13,Local Road Rehabilitation,ASCOT AVE&lt;br&gt; From: NAIRN AVE&lt;br&gt; To: HARVIE AVE ,"Replacement of partial road pavement structure or entire road pavement structure for either partial lane width, full lane width or full road width. This could include the asphalt and underlying support materials. Repair, improvement or replacement of road drainage, damaged sidewalk, boulevards and curbs. Work may include the closure of individual lanes or the entire road.",Q3 2026 - Q2 2027,Active,,Transportation Services,"Lucas Da Costa, Engineering and Construction Services",ldacost@toronto.ca,https://www.toronto.ca/services-payments/streets-parking-transportation/road-maintenance/road-sidewalk-repair/,TS_Road_Reconstruction,12,2026,EXTERNAL,"{""type"": ""LineString"", ""coordinates"": [[-79.4495473959531, 43.6789139380522], [-79.4507281001754, 43.6786565635646]]}"
195,15864,TS2023-13-049,2024-04-25,Local Road Rehabilitation,ST PAUL ST&lt;br&gt; From: [E-W] SACKVILLE ST [LEG]&lt;br&gt; To: RAY LANE ,"Replacement of partial road pavement structure or entire road pavement structure for either partial lane width, full lane width or full road width. This could include the asphalt and underlying support materials. Repair, improvement or replacement of road drainage, damaged sidewalk, boulevards and curbs. Work may include the closure of individual lanes or the entire road.",Q3 2024 - Q4 2025 (Carry-Over),Active,,Transportation Services,"Javier Saborio, Engineering and Construction Services",jsabori@toronto.ca,https://www.toronto.ca/services-payments/streets-parking-transportation/road-maintenance/road-sidewalk-repair/,TS_Road_Reconstruction,12,2024,EXTERNAL,"{""type"": ""LineString"", ""coordinates"": [[-79.3601728138743, 43.6555520349636], [-79.3601904337114, 43.6556400546295], [-79.3603190377128, 43.6559653937652], [-79.3603520870864, 43.6560522368728], [-79.360355685286, 43.6560617016883]]}"
196,16273, ,2024-04-12,Local Road Rehabilitation,MACPHERSON AVE&lt;br&gt; From: RATHNELLY AVE&lt;br&gt; To: POPLAR PLAINS RD ,"Replacement of partial road pavement structure or entire road pavement structure for either partial lane width, full lane width or full road width. This could include the asphalt and underlying support materials. Repair, improvement or replacement of road drainage, damaged sidewalk, boulevards and curbs. Work may include the closure of individual lanes or the entire road.",Q2 2027 - Q4 2027,Active,,Transportation Services,"Promil Sarkar, Engineering and Construction Services",psarkar@toronto.ca,https://www.toronto.ca/services-payments/streets-parking-transportation/road-maintenance/road-sidewalk-repair/,TS_Road_Reconstruction,12,2027,EXTERNAL,"{""type"": ""LineString"", ""coordinates"": [[-79.4005591523686, 43.6774046708274], [-79.400639024213, 43.6773717414498], [-79.4021896299504, 43.6770202936808], [-79.4029841859579, 43.6768401828977]]}"
197,16448,1,2024-03-14,Local Road Reconstruction,LEWES CRES&lt;br&gt; From: ST LEONARDS AVE&lt;br&gt; To: ST LEONARDS AVE ,"Replacement of the entire road pavement structure, including the asphalt and underlying support materials. Repair, improvement, or replacement of: road drainage, curbs, boulevards and sidewalks. Work may include the closure of individual lanes or the entire road.  Also, includes the replacement of the City-owned portion of substandard water service connections. The property owner is encouraged to replace the private portion of the substandard water service connection, as well. Also, includes the replacement of the City-owned portion of substandard water service connections. The property owner is encouraged to replace the private portion of the substandard water service connection, as well.",Q4 2027 - Q1 2030,Active,1 - Projects with approved or allocated funding in the Capital Works Program.,Transportation Services,"Harry Persaud, Engineering and Construction Services",hpersau3@toronto.ca,https://www.toronto.ca/services-payments/streets-parking-transportation/road-maintenance/road-sidewalk-repair/,TS_Road_Reconstruction,12,2027,EXTERNAL,"{""type"": ""LineString"", ""coordinates"": [[-79.3840849904927, 43.7247559634183], [-79.3841050445765, 43.7248343962801], [-79.3840878575287, 43.7249536399168], [-79.384074005477, 43.725061310433], [-79.3839519974445, 43.7258025955114], [-79.3833269000062, 43.7259424820346], [-79.383250240381, 43.7259488144433], [-79.3831977340256, 43.7259497608385], [-79.3831326690852, 43.7259366605352], [-79.383096884996, 43.725930251964], [-79.3830435540253, 43.7259097465877], [-79.3829742839245, 43.7258711503764], [-79.382915476077, 43.7258338250141], [-79.3828594289637, 43.7257874733056], [-79.3828143247871, 43.7257434830128], [-79.3827678245418, 43.7256961959155], [-79.3827165309599, 43.7256259408137], [-79.3826783706125, 43.7255671667505], [-79.3826381264236, 43.7254956447763], [-79.3826162367751, 43.7254440532847], [-79.382588556623, 43.7254021681805], [-79.3825426327119, 43.7253523522319], [-79.382475561994, 43.7253072761805], [-79.3824204726173, 43.7252787215929], [-79.382344591599, 43.7252440247343], [-79.3822769630855, 43.7252170872946], [-79.3821241626606, 43.7251647415177]]}"
198,16470, ,2024-03-14,Local Road Reconstruction,[N-S] BRAESIDE RD [BRANCH]&lt;br&gt; From: HASLEMERE RD&lt;br&gt; To: BRAESIDE CRES ,"Replacement of the entire road pavement structure, including the asphalt and underlying support materials. Repair, improvement, or replacement of: road drainage, curbs, boulevards and sidewalks. Work may include the closure of individual lanes or the entire road.  Also, includes the replacement of the City-owned portion of substandard water service connections. The property owner is encouraged to replace the private portion of the substandard water service connection, as well. Also, includes the replacement of the City-owned portion of substandard water service connections. The property owner is encouraged to replace the private portion of the substandard water service connection, as well.",Q4 2027 - Q1 2030,Active,1 - Projects with approved or allocated funding in the Capital Works Program.,Transportation Services,"Harry Persaud, Engineering and Construction Services",hpersau3@toronto.ca,https://www.toronto.ca/services-payments/streets-parking-transportation/road-maintenance/road-sidewalk-repair/,TS_Road_Reconstruction,12,2027,EXTERNAL,"{""type"": ""LineString"", ""coordinates"": [[-79.3908941022949, 43.7299304336252], [-79.3905438757911, 43.7291351132711]]}"
199,16541, ,2024-03-14,Local Road Reconstruction,DANESWOOD RD&lt;br&gt; From: DAWLISH AVE&lt;br&gt; To: GLENALLAN RD ,"Replacement of the entire road pavement structure, including the asphalt and underlying support materials. Repair, improvement, or replacement of: road drainage, curbs, boulevards and sidewalks. Work may include the closure of individual lanes or the entire road.  Also, includes the replacement of the City-owned portion of substandard water service connections. The property owner is encouraged to replace the private portion of the substandard water service connection, as well. Also, includes the replacement of the City-owned portion of substandard water service connections. The property owner is encouraged to replace the private portion of the substandard water service connection, as well.",Q4 2027 - Q1 2030,Active,1 - Projects with approved or allocated funding in the Capital Works Program.,Transportation Services,"Harry Persaud, Engineering and Construction Services",hpersau3@toronto.ca,https://www.toronto.ca/services-payments/streets-parking-transportation/road-maintenance/road-sidewalk-repair/,TS_Road_Reconstruction,12,2027,EXTERNAL,"{""type"": ""LineString"", ""coordinates"": [[-79.3816147933836, 43.7231452424089], [-79.3816913465234, 43.7235596165761], [-79.3817351371492, 43.7236940450744], [-79.3818625949369, 43.7239984738434], [-79.3819177709487, 43.7241363723062]]}"
200,16580, ,2024-04-05,Local Road Rehabilitation,EUCLID AVE (TO)&lt;br&gt; From: ROBINSON ST&lt;br&gt; To: DUNDAS ST W ,"Replacement of partial road pavement structure or entire road pavement structure for either partial lane width, full lane width or full road width. This could include the asphalt and underlying support materials. Repair, improvement or replacement of road drainage, damaged sidewalk, boulevards and curbs. Work may include the closure of individual lanes or the entire road.",Q1 2025 - Q3 2025,Active,,Transportation Services,"Angela Au, Engineering and Construction Services",aau2@toronto.ca,https://www.toronto.ca/services-payments/streets-parking-transportation/road-maintenance/road-sidewalk-repair/,TS_Road_Reconstruction,12,2024,EXTERNAL,"{""type"": ""LineString"", ""coordinates"": [[-79.4083232928497, 43.648086892589], [-79.4083917325098, 43.6482331071066], [-79.409208592822, 43.6502714737392], [-79.4093284605902, 43.650570899226], [-79.4097223439915, 43.6515546833211]]}"
201,16652, ,2024-06-26,Laneway Reconstruction,[38.10 m E] BATHURST ST&lt;br&gt; From: LENNOX ST&lt;br&gt; To: BLOOR ST W ,"Replacement of the entire laneway pavement structure, including the asphalt, concrete and underlying support materials. Repair, improvement, or replacement of laneway drainage, curbs, and associated areas. Work may include the closure of individual lanes or the entire laneway. Also, includes the replacement of the City-owned portion of substandard water service connections. The property owner is encouraged to replace the private portion of the substandard water service connection, as well.",Q2 2024 - Q3 2024,Active,1 - Projects with approved or allocated funding in the Capital Works Program.,Transportation Services,"Christy Manoharan, Engineering and Construction Services",cmanoha@toronto.ca,https://www.toronto.ca/services-payments/streets-parking-transportation/road-maintenance/road-sidewalk-repair/,TS_Road_Reconstruction,12,2024,EXTERNAL,"{""type"": ""LineString"", ""coordinates"": [[-79.4100747489274, 43.6639637726958], [-79.4102218830197, 43.6643400146966], [-79.4105942123266, 43.6652543887795]]}"
202,16824, 1,2024-03-14,Local Road Reconstruction,PROCTOR CRES&lt;br&gt; From: ROTHMERE DR&lt;br&gt; To: MILDENHALL RD ,"Replacement of the entire road pavement structure, including the asphalt and underlying support materials. Repair, improvement, or replacement of: road drainage, curbs, boulevards and sidewalks. Work may include the closure of individual lanes or the entire road.  Also, includes the replacement of the City-owned portion of substandard water service connections. The property owner is encouraged to replace the private portion of the substandard water service connection, as well. Also, includes the replacement of the City-owned portion of substandard water service connections. The property owner is encouraged to replace the private portion of the substandard water service connection, as well.",Q4 2027 - Q1 2030,Active,1 - Projects with approved or allocated funding in the Capital Works Program.,Transportation Services,"Harry Persaud, Engineering and Construction Services",hpersau3@toronto.ca,https://www.toronto.ca/services-payments/streets-parking-transportation/road-maintenance/road-sidewalk-repair/,TS_Road_Reconstruction,12,2027,EXTERNAL,"{""type"": ""LineString"", ""coordinates"": [[-79.3886777136323, 43.728769851871], [-79.3888309677892, 43.7291432921981], [-79.3889085643097, 43.7292759981522], [-79.3889395483323, 43.7293550465098], [-79.3889413069241, 43.7294566523656], [-79.3889333266775, 43.7295554133678], [-79.3889301180713, 43.7296386419724], [-79.3889271838447, 43.7297204927532], [-79.3889231083606, 43.7298220938335]]}"
203,17141, ,2025-10-31,Laneway Reconstruction,[36.60 m N] QUEEN ST W&lt;br&gt; From: MACDONELL AVE&lt;br&gt; To: FULLER AVE ,"Replacement of the entire laneway pavement structure, including the asphalt, concrete and underlying support materials. Repair, improvement, or replacement of laneway drainage, curbs, and associated areas. Work may include the closure of individual lanes or the entire laneway. Also, includes the replacement of the City-owned portion of substandard water service connections. The property owner is encouraged to replace the private portion of the substandard water service connection, as well.",Q3 2027 - Q4 2028,Active,1 - Projects with approved or allocated funding in the Capital Works Program.,Transportation Services,"Adriana Gomez, Engineering and Construction Services",AGOMEZ4@toronto.ca,https://www.toronto.ca/services-payments/streets-parking-transportation/road-maintenance/road-sidewalk-repair/,TS_Road_Reconstruction,12,2026,EXTERNAL,"{""type"": ""LineString"", ""coordinates"": [[-79.4380817460055, 43.6407411385031], [-79.4386550799761, 43.6406342394106], [-79.4392718356435, 43.6405192070685]]}"
204,17169,TS2023-08-414,2025-10-31,Local Road Rehabilitation,ORIOLE PKWY&lt;br&gt; From: ELWOOD BLVD&lt;br&gt; To: ROSELAWN AVE ,"Replacement of partial road pavement structure or entire road pavement structure for either partial lane width, full lane width or full road width. This could include the asphalt and underlying support materials. Repair, improvement or replacement of road drainage, damaged sidewalk, boulevards and curbs. Work may include the closure of individual lanes or the entire road.",Q3 2027 - Q4 2028,Active,,Transportation Services,"Adriana Gomez, Engineering and Construction Services",AGOMEZ4@toronto.ca,https://www.toronto.ca/services-payments/streets-parking-transportation/road-maintenance/road-sidewalk-repair/,TS_Road_Reconstruction,12,2026,EXTERNAL,"{""type"": ""LineString"", ""coordinates"": [[-79.4072101079657, 43.7074777696901], [-79.4072759727031, 43.7077883597607], [-79.4073372664033, 43.7080404396191], [-79.4074163512529, 43.7083195376527], [-79.4074811493918, 43.7085536204118], [-79.4075478521891, 43.7088147093705], [-79.4076250520092, 43.7090443023238], [-79.4076714165776, 43.7091568556327]]}"
205,17284,TS2023-08-235,2024-12-19,Local Road Rehabilitation,ORCHARD VIEW BLVD&lt;br&gt; From: [28.70 m E] ORIOLE PKWY [END]&lt;br&gt; To: ORIOLE PKWY ,"Replacement of partial road pavement structure or entire road pavement structure for either partial lane width, full lane width or full road width. This could include the asphalt and underlying support materials. Repair, improvement or replacement of road drainage, damaged sidewalk, boulevards and curbs. Work may include the closure of individual lanes or the entire road.",Q3 2027 - Q4 2028,Active,,Transportation Services,"Adriana Gomez, Engineering and Construction Services",AGOMEZ4@toronto.ca,https://www.toronto.ca/services-payments/streets-parking-transportation/road-maintenance/road-sidewalk-repair/,TS_Road_Reconstruction,12,2026,EXTERNAL,"{""type"": ""LineString"", ""coordinates"": [[-79.4066656579704, 43.7071719025079], [-79.40711993841, 43.7070861600804]]}"
206,17408,TS2023-10_11-435,2025-09-05,Local Road Reconstruction,AUGUSTA AVE&lt;br&gt; From: OXFORD ST (TO)&lt;br&gt; To: COLLEGE ST (TO) ,"Replacement of the entire road pavement structure, including the asphalt and underlying support materials. Repair, improvement, or replacement of: road drainage, curbs, boulevards and sidewalks. Work may include the closure of individual lanes or the entire road.  Also, includes the replacement of the City-owned portion of substandard water service connections. The property owner is encouraged to replace the private portion of the substandard water service connection, as well. Also, includes the replacement of the City-owned portion of substandard water service connections. The property owner is encouraged to replace the private portion of the substandard water service connection, as well.",Q2 2027 - Q4 2028,Active,1 - Projects with approved or allocated funding in the Capital Works Program.,Transportation Services,"Steven Bertolo, Engineering and Construction Services",sbertol@toronto.ca,https://www.toronto.ca/services-payments/streets-parking-transportation/road-maintenance/road-sidewalk-repair/,TS_Road_Reconstruction,12,2027,EXTERNAL,"{""type"": ""LineString"", ""coordinates"": [[-79.40268459094, 43.6560924157566], [-79.4032003064351, 43.6573828857872]]}"
207,17437, ,2025-10-14,Local Road Rehabilitation,CARLTON ST&lt;br&gt; From: DERMOTT PL&lt;br&gt; To: SACKVILLE ST ,"Replacement of partial road pavement structure or entire road pavement structure for either partial lane width, full lane width or full road width. This could include the asphalt and underlying support materials. Repair, improvement or replacement of road drainage, damaged sidewalk, boulevards and curbs. Work may include the closure of individual lanes or the entire road.",Q1 2025 - Q3 2025,Active,,Transportation Services,"Jessica Orjuela, Engineering and Construction Services",jorjuel@toronto.ca,https://www.toronto.ca/services-payments/streets-parking-transportation/road-maintenance/road-sidewalk-repair/,TS_Road_Reconstruction,12,2025,EXTERNAL,"{""type"": ""LineString"", ""coordinates"": [[-79.3665810096809, 43.6648000780788], [-79.3665330111327, 43.6648056856891], [-79.3663490728968, 43.6648465249815], [-79.3663342369936, 43.664849820127], [-79.3650544654706, 43.6651339478541]]}"
208,17445, ,2024-10-03,Local Road Rehabilitation,MONOGRAM PL&lt;br&gt; From: [389 m W] ISLINGTON AVE&lt;br&gt; To: [504 m W] ISLINGTON AVE ,"Replacement of partial road pavement structure or entire road pavement structure for either partial lane width, full lane width or full road width. This could include the asphalt and underlying support materials. Repair, improvement or replacement of road drainage, damaged sidewalk, boulevards and curbs. Work may include the closure of individual lanes or the entire road.",Q3 2026 - Q4 2026,Active,,Transportation Services,"Christy Manoharan, Engineering and Construction Services",cmanoha@toronto.ca,https://www.toronto.ca/services-payments/streets-parking-transportation/road-maintenance/road-sidewalk-repair/,TS_Road_Reconstruction,12,2026,EXTERNAL,"{""type"": ""LineString"", ""coordinates"": [[-79.5549610701561, 43.703837696326], [-79.5555025161576, 43.7037098704109]]}"
209,17521,TS2023-11-436,2025-09-05,Local Road Reconstruction,BALDWIN ST&lt;br&gt; From: KENSINGTON AVE (TO)&lt;br&gt; To: AUGUSTA AVE ,"Replacement of the entire road pavement structure, including the asphalt and underlying support materials. Repair, improvement, or replacement of: road drainage, curbs, boulevards and sidewalks. Work may include the closure of individual lanes or the entire road.  Also, includes the replacement of the City-owned portion of substandard water service connections. The property owner is encouraged to replace the private portion of the substandard water service connection, as well. Also, includes the replacement of the City-owned portion of substandard water service connections. The property owner is encouraged to replace the private portion of the substandard water service connection, as well.",Q2 2027 - Q4 2028,Active,1 - Projects with approved or allocated funding in the Capital Works Program.,Transportation Services,"Steven Bertolo, Engineering and Construction Services",sbertol@toronto.ca,https://www.toronto.ca/services-payments/streets-parking-transportation/road-maintenance/road-sidewalk-repair/,TS_Road_Reconstruction,12,2027,EXTERNAL,"{""type"": ""LineString"", ""coordinates"": [[-79.4007089226048, 43.6547691715106], [-79.4015134783601, 43.654614691359], [-79.4020351684402, 43.6545084150705]]}"
210,17581, ,2025-09-10,Local Road Reconstruction,RIPLEY AVE&lt;br&gt; From: [E-W] RIPLEY AVE [LEG]&lt;br&gt; To: ORMSKIRK AVE ,"Replacement of the entire road pavement structure, including the asphalt and underlying support materials. Repair, improvement, or replacement of: road drainage, curbs, boulevards and sidewalks. Work may include the closure of individual lanes or the entire road.  Also, includes the replacement of the City-owned portion of substandard water service connections. The property owner is encouraged to replace the private portion of the substandard water service connection, as well. Also, includes the replacement of the City-owned portion of substandard water service connections. The property owner is encouraged to replace the private portion of the substandard water service connection, as well.",2027,Active,1 - Projects with approved or allocated funding in the Capital Works Program.,Transportation Services,&lt;Null&gt; Transportation Roads State of Good Repair,RoadSOGR@toronto.ca,https://www.toronto.ca/services-payments/streets-parking-transportation/road-maintenance/road-sidewalk-repair/,TS_Road_Reconstruction,12,2027,EXTERNAL,"{""type"": ""LineString"", ""coordinates"": [[-79.4745930727818, 43.6371820456265], [-79.4745961015679, 43.6372062159108], [-79.4746219600916, 43.6372650825915], [-79.4749660380039, 43.6377761731919], [-79.4752688187965, 43.6381989808467], [-79.4756074787958, 43.6385754715282], [-79.4759083851249, 43.6388873368296], [-79.4761854910703, 43.639134154202]]}"
211,17654,TS2023-11-436,2025-09-05,Local Road Reconstruction,BALDWIN ST&lt;br&gt; From: [98 m W] SPADINA AVE&lt;br&gt; To: KENSINGTON AVE (TO) ,"Replacement of the entire road pavement structure, including the asphalt and underlying support materials. Repair, improvement, or replacement of: road drainage, curbs, boulevards and sidewalks. Work may include the closure of individual lanes or the entire road.  Also, includes the replacement of the City-owned portion of substandard water service connections. The property owner is encouraged to replace the private portion of the substandard water service connection, as well. Also, includes the replacement of the City-owned portion of substandard water service connections. The property owner is encouraged to replace the private portion of the substandard water service connection, as well.",Q2 2027 - Q4 2028,Active,1 - Projects with approved or allocated funding in the Capital Works Program.,Transportation Services,"Steven Bertolo, Engineering and Construction Services",sbertol@toronto.ca,https://www.toronto.ca/services-payments/streets-parking-transportation/road-maintenance/road-sidewalk-repair/,TS_Road_Reconstruction,12,2027,EXTERNAL,"{""type"": ""LineString"", ""coordinates"": [[-79.4002782277325, 43.6548582970667], [-79.4007089226048, 43.6547691715106]]}"
212,17781, ,2025-10-30,Local Road Reconstruction,[E-W] RIPLEY AVE [LEG]&lt;br&gt; From: SOUTH KINGSWAY&lt;br&gt; To: RIPLEY AVE ,"Replacement of the entire road pavement structure, including the asphalt and underlying support materials. Repair, improvement, or replacement of: road drainage, curbs, boulevards and sidewalks. Work may include the closure of individual lanes or the entire road.  Also, includes the replacement of the City-owned portion of substandard water service connections. The property owner is encouraged to replace the private portion of the substandard water service connection, as well. Also, includes the replacement of the City-owned portion of substandard water service connections. The property owner is encouraged to replace the private portion of the substandard water service connection, as well.",2027,Active,1 - Projects with approved or allocated funding in the Capital Works Program.,Transportation Services,&lt;Null&gt; Transportation Roads State of Good Repair,RoadSOGR@toronto.ca,https://www.toronto.ca/services-payments/streets-parking-transportation/road-maintenance/road-sidewalk-repair/,TS_Road_Reconstruction,12,2027,EXTERNAL,"{""type"": ""LineString"", ""coordinates"": [[-79.4752735104859, 43.6367801192758], [-79.4750956391247, 43.6368789671545], [-79.4747420438052, 43.6370114124302], [-79.4746954643346, 43.6370258151427], [-79.4746477260908, 43.6370488949118], [-79.4746018648908, 43.6370880704496], [-79.4745885493667, 43.63714595808], [-79.4745930727818, 43.6371820456265]]}"
213,17910, ,2024-08-14,Major Road Rehabilitation,GREENWOOD AVE&lt;br&gt; From: SPRINGDALE BLVD&lt;br&gt; To: QUEENSDALE AVE ,"Replacement of partial road pavement structure or entire road pavement structure for either partial lane width, full lane width or full road width. This could include the asphalt and underlying support materials. Repair, improvement or replacement of road drainage, damaged sidewalk, boulevards and curbs. Work may include the closure of individual lanes or the entire road.",Q3 2025 - Q3 2026 (Carry-Over),Active,,Transportation Services,"Promil Sarkar, Engineering and Construction Services",psarkar@toronto.ca,https://www.toronto.ca/services-payments/streets-parking-transportation/road-maintenance/road-sidewalk-repair/,TS_Road_Reconstruction,12,2025,EXTERNAL,"{""type"": ""LineString"", ""coordinates"": [[-79.3340637582019, 43.6854622211506], [-79.3344095530242, 43.6862688982361]]}"
214,18012, ,2026-02-18,Local Road Reconstruction,BRAESIDE RD&lt;br&gt; From: LANGTON AVE&lt;br&gt; To: [N-S] BRAESIDE RD [BRANCH] ,"Replacement of the entire road pavement structure, including the asphalt and underlying support materials. Repair, improvement, or replacement of: road drainage, curbs, boulevards and sidewalks. Work may include the closure of individual lanes or the entire road.  Also, includes the replacement of the City-owned portion of substandard water service connections. The property owner is encouraged to replace the private portion of the substandard water service connection, as well. Also, includes the replacement of the City-owned portion of substandard water service connections. The property owner is encouraged to replace the private portion of the substandard water service connection, as well.",Q2 2026 - Q4 2026,Active,1 - Projects with approved or allocated funding in the Capital Works Program.,Transportation Services,"Osa Ehioghiren, Engineering and Construction Services",oehiogh@toronto.ca,https://www.toronto.ca/services-payments/streets-parking-transportation/road-maintenance/road-sidewalk-repair/,TS_Road_Reconstruction,12,2027,EXTERNAL,"{""type"": ""LineString"", ""coordinates"": [[-79.3923982481767, 43.7305233036032], [-79.391433883014, 43.7307240886428], [-79.3913668845037, 43.7307261492777], [-79.3913186997697, 43.7307197107964]]}"
215,18151, ,2025-11-17,Local Road Rehabilitation,WALES AVE&lt;br&gt; From: DENISON AVE&lt;br&gt; To: BELLEVUE AVE ,"Replacement of partial road pavement structure or entire road pavement structure for either partial lane width, full lane width or full road width. This could include the asphalt and underlying support materials. Repair, improvement or replacement of road drainage, damaged sidewalk, boulevards and curbs. Work may include the closure of individual lanes or the entire road.",Q2 2027 - Q4 2028,Active,,Transportation Services,"Steven Bertolo, Engineering and Construction Services",sbertol@toronto.ca,https://www.toronto.ca/services-payments/streets-parking-transportation/road-maintenance/road-sidewalk-repair/,TS_Road_Reconstruction,12,2027,EXTERNAL,"{""type"": ""LineString"", ""coordinates"": [[-79.4026878065616, 43.6531114634911], [-79.4029094143391, 43.6530886876627]]}"
216,18200, ,2026-03-19,Local Road Reconstruction,RIDELLE AVE&lt;br&gt; From: MANITOU BLVD&lt;br&gt; To: LAWNHURST BLVD ,"Replacement of the entire road pavement structure, including the asphalt and underlying support materials. Repair, improvement, or replacement of: road drainage, curbs, boulevards and sidewalks. Work may include the closure of individual lanes or the entire road.  Also, includes the replacement of the City-owned portion of substandard water service connections. The property owner is encouraged to replace the private portion of the substandard water service connection, as well. Also, includes the replacement of the City-owned portion of substandard water service connections. The property owner is encouraged to replace the private portion of the substandard water service connection, as well.",Q2 2026 - Q4 2027,Active,1 - Projects with approved or allocated funding in the Capital Works Program.,Transportation Services,"Lucas Da Costa, Engineering and Construction Services",ldacost@toronto.ca,https://www.toronto.ca/services-payments/streets-parking-transportation/road-maintenance/road-sidewalk-repair/,TS_Road_Reconstruction,12,2026,EXTERNAL,"{""type"": ""LineString"", ""coordinates"": [[-79.4285835861986, 43.7067692737433], [-79.4306603358075, 43.7063224618657]]}"
217,18225, ,2026-04-16,Major Road Reconstruction,DON MILLS RD&lt;br&gt; From: [230m S]OVERLEA BLVD&lt;br&gt; To: OVERLEA BLVD ,"Replacement of the entire road pavement structure, including the asphalt and underlying support materials. Repair, improvement, or replacement of: road drainage, curbs, boulevards and sidewalks. Work may include the closure of individual lanes or the entire road.  Also, includes the replacement of the City-owned portion of substandard water service connections. The property owner is encouraged to replace the private portion of the substandard water service connection, as well. Also, includes the replacement of the City-owned portion of substandard water service connections. The property owner is encouraged to replace the private portion of the substandard water service connection, as well.",Q4 2026 - Q4 2028,Active,1 - Projects with approved or allocated funding in the Capital Works Program.,Transportation Services,"Candice Chan, Engineering and Construction Services",cchanb@toronto.ca,https://www.toronto.ca/services-payments/streets-parking-transportation/road-maintenance/road-sidewalk-repair/,TS_Road_Reconstruction,12,2026,EXTERNAL,"{""type"": ""LineString"", ""coordinates"": [[-79.3337008213934, 43.7075795821829], [-79.3337275235195, 43.7077431947881], [-79.3337524325715, 43.7078723119132], [-79.3337693390237, 43.7080020654836], [-79.3337815818777, 43.7081401105361], [-79.333801432322, 43.7082728027901], [-79.3338195269054, 43.7083673712154], [-79.3338403814811, 43.708449259962], [-79.3338437356063, 43.708506269866], [-79.3338657546189, 43.7085794650742], [-79.3339195914619, 43.7087862151086], [-79.3339800147647, 43.7089625413933], [-79.3340369402652, 43.7091384746075], [-79.3341004300905, 43.7093369753892], [-79.3342038743859, 43.7095852939869], [-79.3343136679024, 43.709848466571], [-79.3343949810683, 43.7099964508938]]}"
218,18345, ,2026-05-21,Local Road Reconstruction,[N] HIGHLAND AVE [BRANCH]&lt;br&gt; From: HIGHLAND GDNS&lt;br&gt; To: [45.70 m E] HIGHLAND GDNS ,"Replacement of the entire road pavement structure, including the asphalt and underlying support materials. Repair, improvement, or replacement of: road drainage, curbs, boulevards and sidewalks. Work may include the closure of individual lanes or the entire road.  Also, includes the replacement of the City-owned portion of substandard water service connections. The property owner is encouraged to replace the private portion of the substandard water service connection, as well. Also, includes the replacement of the City-owned portion of substandard water service connections. The property owner is encouraged to replace the private portion of the substandard water service connection, as well.",2025 - 2026,Active,1 - Projects with approved or allocated funding in the Capital Works Program.,Transportation Services,&lt;Null&gt; Transportation Roads State of Good Repair,RoadSOGR@toronto.ca,https://www.toronto.ca/services-payments/streets-parking-transportation/road-maintenance/road-sidewalk-repair/,TS_Road_Reconstruction,12,2025,EXTERNAL,"{""type"": ""LineString"", ""coordinates"": [[-79.3815104376598, 43.6825957602774], [-79.3814612204582, 43.6825914228264], [-79.3814238513746, 43.6825685207426], [-79.3813884531792, 43.6825456206916], [-79.3813451874666, 43.6825184251394], [-79.3812871489872, 43.6824940721457], [-79.3812222043771, 43.6824754286784], [-79.3811503640601, 43.6824603497244], [-79.3810608091521, 43.6824335694948]]}"
219,18369, ,2026-04-21,Laneway Reconstruction,[44.50 m N] DUNDAS ST W&lt;br&gt; From: [95.40 m E] HURON ST&lt;br&gt; To: HURON ST ,"Replacement of the entire laneway pavement structure, including the asphalt, concrete and underlying support materials. Repair, improvement, or replacement of laneway drainage, curbs, and associated areas. Work may include the closure of individual lanes or the entire laneway. Also, includes the replacement of the City-owned portion of substandard water service connections. The property owner is encouraged to replace the private portion of the substandard water service connection, as well.",Q2 2026 - Q4 2026,Active,1 - Projects with approved or allocated funding in the Capital Works Program.,Transportation Services,"Niloufar Mohajerani, Engineering and Construction Services",nmohaje@toronto.ca,https://www.toronto.ca/services-payments/streets-parking-transportation/road-maintenance/road-sidewalk-repair/,TS_Road_Reconstruction,12,2026,EXTERNAL,"{""type"": ""LineString"", ""coordinates"": [[-79.3958991824756, 43.6539042948101], [-79.3963577279059, 43.6538134539269]]}"
220,18577, ,2026-04-21,Laneway Reconstruction,[43.70 m S] BALDWIN ST&lt;br&gt; From: HURON ST&lt;br&gt; To: [79.20 m W] HURON ST ,"Replacement of the entire laneway pavement structure, including the asphalt, concrete and underlying support materials. Repair, improvement, or replacement of laneway drainage, curbs, and associated areas. Work may include the closure of individual lanes or the entire laneway. Also, includes the replacement of the City-owned portion of substandard water service connections. The property owner is encouraged to replace the private portion of the substandard water service connection, as well.",Q2 2026 - Q4 2026,Active,1 - Projects with approved or allocated funding in the Capital Works Program.,Transportation Services,"Niloufar Mohajerani, Engineering and Construction Services",nmohaje@toronto.ca,https://www.toronto.ca/services-payments/streets-parking-transportation/road-maintenance/road-sidewalk-repair/,TS_Road_Reconstruction,12,2026,EXTERNAL,"{""type"": ""LineString"", ""coordinates"": [[-79.3967609641042, 43.6547857292458], [-79.397842054292, 43.6545627611997]]}"
221,18585, ,2021-04-12,Laneway Reconstruction,[33.20 m N] DOUGLAS AVE&lt;br&gt; From: JEDBURGH RD&lt;br&gt; To: GREER RD ,"Replacement of the entire laneway pavement structure, including the asphalt, concrete and underlying support materials. Repair, improvement, or replacement of laneway drainage, curbs, and associated areas. Work may include the closure of individual lanes or the entire laneway. Also, includes the replacement of the City-owned portion of substandard water service connections. The property owner is encouraged to replace the private portion of the substandard water service connection, as well.",Q3 2024 - Q3 2025 (Carry-Over),Active,1 - Projects with approved or allocated funding in the Capital Works Program.,Transportation Services,"Marfique Ahmed, Engineering and Construction Services",mahmed2@toronto.ca,https://www.toronto.ca/services-payments/streets-parking-transportation/road-maintenance/road-sidewalk-repair/,TS_Road_Reconstruction,12,2024,EXTERNAL,"{""type"": ""LineString"", ""coordinates"": [[-79.4063354943867, 43.7262409379777], [-79.4095119643438, 43.725568889742]]}"
222,18646, ,2023-05-19,Local Road Reconstruction,AMHERST AVE&lt;br&gt; From: LAUDER AVE&lt;br&gt; To: NORTHCLIFFE BLVD ,"Replacement of the entire road pavement structure, including the asphalt and underlying support materials. Repair, improvement, or replacement of: road drainage, curbs, boulevards and sidewalks. Work may include the closure of individual lanes or the entire road.  Also, includes the replacement of the City-owned portion of substandard water service connections. The property owner is encouraged to replace the private portion of the substandard water service connection, as well. Also, includes the replacement of the City-owned portion of substandard water service connections. The property owner is encouraged to replace the private portion of the substandard water service connection, as well.",Q3 2025 - Q4 2028 (Carry-Over),Active,1 - Projects with approved or allocated funding in the Capital Works Program.,Transportation Services,"Marfique Ahmed, Engineering and Construction Services",mahmed2@toronto.ca,https://www.toronto.ca/services-payments/streets-parking-transportation/road-maintenance/road-sidewalk-repair/,TS_Road_Reconstruction,12,2024,EXTERNAL,"{""type"": ""LineString"", ""coordinates"": [[-79.4446388111249, 43.6907330363232], [-79.44575001914, 43.6904886833956]]}"
223,18681, ,2023-02-13,Local Road Rehabilitation,CASTLEFIELD AVE&lt;br&gt; From: YONGE ST&lt;br&gt; To: DUPLEX AVE ,"Replacement of partial road pavement structure or entire road pavement structure for either partial lane width, full lane width or full road width. This could include the asphalt and underlying support materials. Repair, improvement or replacement of road drainage, damaged sidewalk, boulevards and curbs. Work may include the closure of individual lanes or the entire road.",Q2 2026 - Q4 2026,Active,,Transportation Services,"Osa Ehioghiren, Engineering and Construction Services",oehiogh@toronto.ca,https://www.toronto.ca/services-payments/streets-parking-transportation/road-maintenance/road-sidewalk-repair/,TS_Road_Reconstruction,12,2026,EXTERNAL,"{""type"": ""LineString"", ""coordinates"": [[-79.3994765803976, 43.7118389672036], [-79.3999992653582, 43.7117357599221], [-79.4012583548804, 43.7114871522528]]}"
224,18739, ,2023-05-09,Local Road Rehabilitation,ROSLIN AVE&lt;br&gt; From: RONAN AVE&lt;br&gt; To: [230 m E] RONAN AVE [END] ,"Replacement of partial road pavement structure or entire road pavement structure for either partial lane width, full lane width or full road width. This could include the asphalt and underlying support materials. Repair, improvement or replacement of road drainage, damaged sidewalk, boulevards and curbs. Work may include the closure of individual lanes or the entire road.",Q2 2026 - Q4 2026,Active,,Transportation Services,"Osa Ehioghiren, Engineering and Construction Services",oehiogh@toronto.ca,https://www.toronto.ca/services-payments/streets-parking-transportation/road-maintenance/road-sidewalk-repair/,TS_Road_Reconstruction,12,2026,EXTERNAL,"{""type"": ""LineString"", ""coordinates"": [[-79.3956034362273, 43.7309998722757], [-79.3930131020009, 43.7315380001873], [-79.3928150300386, 43.7315878461685], [-79.3927290931782, 43.7316280037581]]}"
225,18807, ,2023-02-13,Local Road Rehabilitation,BRIDGMAN AVE&lt;br&gt; From: DARTNELL AVE&lt;br&gt; To: [15 m W] DARTNELL AVE ,"Replacement of partial road pavement structure or entire road pavement structure for either partial lane width, full lane width or full road width. This could include the asphalt and underlying support materials. Repair, improvement or replacement of road drainage, damaged sidewalk, boulevards and curbs. Work may include the closure of individual lanes or the entire road.",Q3 2026 - Q2 2027,Active,,Transportation Services,"Lucas Da Costa, Engineering and Construction Services",ldacost@toronto.ca,https://www.toronto.ca/services-payments/streets-parking-transportation/road-maintenance/road-sidewalk-repair/,TS_Road_Reconstruction,12,2026,EXTERNAL,"{""type"": ""LineString"", ""coordinates"": [[-79.4115365763733, 43.6750145911824], [-79.4117988856133, 43.6749637113763]]}"
226,18837, ,2023-02-13,Local Road Rehabilitation,ROSELAWN AVE&lt;br&gt; From: CASTLEWOOD RD&lt;br&gt; To: LATIMER AVE ,"Replacement of partial road pavement structure or entire road pavement structure for either partial lane width, full lane width or full road width. This could include the asphalt and underlying support materials. Repair, improvement or replacement of road drainage, damaged sidewalk, boulevards and curbs. Work may include the closure of individual lanes or the entire road.",Q2 2026 - Q4 2026,Active,,Transportation Services,"Osa Ehioghiren, Engineering and Construction Services",oehiogh@toronto.ca,https://www.toronto.ca/services-payments/streets-parking-transportation/road-maintenance/road-sidewalk-repair/,TS_Road_Reconstruction,12,2026,EXTERNAL,"{""type"": ""LineString"", ""coordinates"": [[-79.4162242647162, 43.7073587030923], [-79.4170993159339, 43.7071568142802]]}"
227,18872, ,2023-02-13,Local Road Rehabilitation,MACPHERSON AVE&lt;br&gt; From: [N] DAVENPORT RD [BRANCH]&lt;br&gt; To: [15.20 m W] DAVENPORT RD ,"Replacement of partial road pavement structure or entire road pavement structure for either partial lane width, full lane width or full road width. This could include the asphalt and underlying support materials. Repair, improvement or replacement of road drainage, damaged sidewalk, boulevards and curbs. Work may include the closure of individual lanes or the entire road.",Q3 2026 - Q2 2027,Active,,Transportation Services,"Lucas Da Costa, Engineering and Construction Services",ldacost@toronto.ca,https://www.toronto.ca/services-payments/streets-parking-transportation/road-maintenance/road-sidewalk-repair/,TS_Road_Reconstruction,12,2026,EXTERNAL,"{""type"": ""LineString"", ""coordinates"": [[-79.4036901216454, 43.6766801432083], [-79.4040959554037, 43.6765933111377]]}"
228,18955,TS2023-10_11-435,2025-09-05,Local Road Reconstruction,AUGUSTA AVE&lt;br&gt; From: NASSAU ST&lt;br&gt; To: OXFORD ST (TO) ,"Replacement of the entire road pavement structure, including the asphalt and underlying support materials. Repair, improvement, or replacement of: road drainage, curbs, boulevards and sidewalks. Work may include the closure of individual lanes or the entire road.  Also, includes the replacement of the City-owned portion of substandard water service connections. The property owner is encouraged to replace the private portion of the substandard water service connection, as well. Also, includes the replacement of the City-owned portion of substandard water service connections. The property owner is encouraged to replace the private portion of the substandard water service connection, as well.",Q2 2027 - Q4 2028,Active,1 - Projects with approved or allocated funding in the Capital Works Program.,Transportation Services,"Steven Bertolo, Engineering and Construction Services",sbertol@toronto.ca,https://www.toronto.ca/services-payments/streets-parking-transportation/road-maintenance/road-sidewalk-repair/,TS_Road_Reconstruction,12,2027,EXTERNAL,"{""type"": ""LineString"", ""coordinates"": [[-79.4023360050878, 43.6552350592144], [-79.40268459094, 43.6560924157566]]}"
229,19016, ,2023-12-08,Laneway Reconstruction,[27.40 m S] COLLEGE ST (TO)&lt;br&gt; From: BEATRICE ST&lt;br&gt; To: [30.50 m W] BEATRICE ST ,"Replacement of the entire laneway pavement structure, including the asphalt, concrete and underlying support materials. Repair, improvement, or replacement of laneway drainage, curbs, and associated areas. Work may include the closure of individual lanes or the entire laneway. Also, includes the replacement of the City-owned portion of substandard water service connections. The property owner is encouraged to replace the private portion of the substandard water service connection, as well.",Q1 2025 - Q2 2026 (Carry-Over),Active,1 - Projects with approved or allocated funding in the Capital Works Program.,Transportation Services,"Amran Durrani, Engineering and Construction Services",adurran2@toronto.ca,https://www.toronto.ca/services-payments/streets-parking-transportation/road-maintenance/road-sidewalk-repair/,TS_Road_Reconstruction,12,2024,EXTERNAL,"{""type"": ""LineString"", ""coordinates"": [[-79.4166022309284, 43.6547698076285], [-79.4171087607406, 43.6546673031688]]}"
230,19046, ,2023-05-19,Local Road Reconstruction,CLOVELLY AVE&lt;br&gt; From: OAKWOOD AVE&lt;br&gt; To: GLENHOLME AVE ,"Replacement of the entire road pavement structure, including the asphalt and underlying support materials. Repair, improvement, or replacement of: road drainage, curbs, boulevards and sidewalks. Work may include the closure of individual lanes or the entire road.  Also, includes the replacement of the City-owned portion of substandard water service connections. The property owner is encouraged to replace the private portion of the substandard water service connection, as well. Also, includes the replacement of the City-owned portion of substandard water service connections. The property owner is encouraged to replace the private portion of the substandard water service connection, as well.",Q3 2025 - Q4 2028 (Carry-Over),Active,1 - Projects with approved or allocated funding in the Capital Works Program.,Transportation Services,"Marfique Ahmed, Engineering and Construction Services",mahmed2@toronto.ca,https://www.toronto.ca/services-payments/streets-parking-transportation/road-maintenance/road-sidewalk-repair/,TS_Road_Reconstruction,12,2024,EXTERNAL,"{""type"": ""LineString"", ""coordinates"": [[-79.4418148882369, 43.694986981084], [-79.4422965109564, 43.694883647374], [-79.4443384983444, 43.6944456048705]]}"
231,19138, 1,2024-03-14,Local Road Reconstruction,BUCKINGHAM AVE&lt;br&gt; From: WANLESS CRES&lt;br&gt; To: MILDENHALL RD ,"Replacement of the entire road pavement structure, including the asphalt and underlying support materials. Repair, improvement, or replacement of: road drainage, curbs, boulevards and sidewalks. Work may include the closure of individual lanes or the entire road.  Also, includes the replacement of the City-owned portion of substandard water service connections. The property owner is encouraged to replace the private portion of the substandard water service connection, as well. Also, includes the replacement of the City-owned portion of substandard water service connections. The property owner is encouraged to replace the private portion of the substandard water service connection, as well.",Q4 2027 - Q1 2030,Active,1 - Projects with approved or allocated funding in the Capital Works Program.,Transportation Services,"Harry Persaud, Engineering and Construction Services",hpersau3@toronto.ca,https://www.toronto.ca/services-payments/streets-parking-transportation/road-maintenance/road-sidewalk-repair/,TS_Road_Reconstruction,12,2027,EXTERNAL,"{""type"": ""LineString"", ""coordinates"": [[-79.3898757853593, 43.726695999282], [-79.386156918345, 43.7274497588323]]}"
232,19141, ,2024-04-10,Major Road Reconstruction,STEELES AVE E&lt;br&gt; From: BRIMLEY RD&lt;br&gt; To: MIDLAND AVE ,"Replacement of the entire road pavement structure, including the asphalt and underlying support materials. Repair, improvement, or replacement of: road drainage, curbs, boulevards and sidewalks. Work may include the closure of individual lanes or the entire road.  Also, includes the replacement of the City-owned portion of substandard water service connections. The property owner is encouraged to replace the private portion of the substandard water service connection, as well. Also, includes the replacement of the City-owned portion of substandard water service connections. The property owner is encouraged to replace the private portion of the substandard water service connection, as well.",Q2 2024 - Q4 2025,Active,1 - Projects with approved or allocated funding in the Capital Works Program.,Transportation Services,"Brian Nolan, Engineering and Construction Services",bnolan3@toronto.ca,https://www.toronto.ca/services-payments/streets-parking-transportation/road-maintenance/road-sidewalk-repair/,TS_Road_Reconstruction,12,2024,EXTERNAL,"{""type"": ""LineString"", ""coordinates"": [[-79.2973325250841, 43.8259504750552], [-79.2965905096487, 43.8261287202774], [-79.2965858186382, 43.8261298460644], [-79.2959933857037, 43.826272150295], [-79.2954561631618, 43.8263959252406], [-79.2941324768324, 43.8267008885968], [-79.2939728335849, 43.8267377861768], [-79.2931126512135, 43.826936523393], [-79.2917460839233, 43.8272522790495], [-79.2913492036578, 43.8273439593373], [-79.2894795688682, 43.8277725977523], [-79.2875393354156, 43.828201042818], [-79.287202145524, 43.8282949348903]]}"
233,19159, ,2024-03-14,Local Road Reconstruction,DANESWOOD RD&lt;br&gt; From: GLENALLAN RD&lt;br&gt; To: STRATHEDEN RD ,"Replacement of the entire road pavement structure, including the asphalt and underlying support materials. Repair, improvement, or replacement of: road drainage, curbs, boulevards and sidewalks. Work may include the closure of individual lanes or the entire road.  Also, includes the replacement of the City-owned portion of substandard water service connections. The property owner is encouraged to replace the private portion of the substandard water service connection, as well. Also, includes the replacement of the City-owned portion of substandard water service connections. The property owner is encouraged to replace the private portion of the substandard water service connection, as well.",Q4 2027 - Q1 2030,Active,1 - Projects with approved or allocated funding in the Capital Works Program.,Transportation Services,"Harry Persaud, Engineering and Construction Services",hpersau3@toronto.ca,https://www.toronto.ca/services-payments/streets-parking-transportation/road-maintenance/road-sidewalk-repair/,TS_Road_Reconstruction,12,2027,EXTERNAL,"{""type"": ""LineString"", ""coordinates"": [[-79.3814786566566, 43.7222201386792], [-79.3814653395746, 43.7222627934801], [-79.3814612224624, 43.7223466484254], [-79.3814808432434, 43.7224708625707], [-79.3815234400595, 43.7226921096576], [-79.3815864354799, 43.7229965349621], [-79.3816147933836, 43.7231452424089]]}"
234,19206,TS2023-13-001,2024-04-25,Major Road Reconstruction,GERRARD ST E&lt;br&gt; From: SHERBOURNE ST&lt;br&gt; To: CENTRAL HOSPITAL LANE ,"Replacement of the entire road pavement structure, including the asphalt and underlying support materials. Repair, improvement, or replacement of: road drainage, curbs, boulevards and sidewalks. Work may include the closure of individual lanes or the entire road.  Also, includes the replacement of the City-owned portion of substandard water service connections. The property owner is encouraged to replace the private portion of the substandard water service connection, as well. Also, includes the replacement of the City-owned portion of substandard water service connections. The property owner is encouraged to replace the private portion of the substandard water service connection, as well.",Q1 2027 - Q1 2028,Active,1 - Projects with approved or allocated funding in the Capital Works Program.,Transportation Services,"Marilia Cimini, Engineering and Construction Services",mcimini@toronto.ca,https://www.toronto.ca/services-payments/streets-parking-transportation/road-maintenance/road-sidewalk-repair/,TS_Road_Reconstruction,12,2025,EXTERNAL,"{""type"": ""LineString"", ""coordinates"": [[-79.3722361254016, 43.6612269152213], [-79.3714388008979, 43.6614023360052]]}"
235,19225, ,2023-12-08,Laneway Reconstruction,[36.60 m N] DUNDAS ST W&lt;br&gt; From: BEATRICE ST&lt;br&gt; To: MONTROSE AVE ,"Replacement of the entire laneway pavement structure, including the asphalt, concrete and underlying support materials. Repair, improvement, or replacement of laneway drainage, curbs, and associated areas. Work may include the closure of individual lanes or the entire laneway. Also, includes the replacement of the City-owned portion of substandard water service connections. The property owner is encouraged to replace the private portion of the substandard water service connection, as well.",Q1 2025 - Q2 2026 (Carry-Over),Active,1 - Projects with approved or allocated funding in the Capital Works Program.,Transportation Services,"Amran Durrani, Engineering and Construction Services",adurran2@toronto.ca,https://www.toronto.ca/services-payments/streets-parking-transportation/road-maintenance/road-sidewalk-repair/,TS_Road_Reconstruction,12,2024,EXTERNAL,"{""type"": ""LineString"", ""coordinates"": [[-79.4150964902151, 43.6509001329198], [-79.4155810547327, 43.6508007945212], [-79.4161380940756, 43.6506865902031]]}"
236,19288, ,2022-08-18,Laneway Reconstruction,NUNES LANE&lt;br&gt; From: MC FARLAND AVE&lt;br&gt; To: VIA ITALIA ,"Replacement of the entire laneway pavement structure, including the asphalt, concrete and underlying support materials. Repair, improvement, or replacement of laneway drainage, curbs, and associated areas. Work may include the closure of individual lanes or the entire laneway. Also, includes the replacement of the City-owned portion of substandard water service connections. The property owner is encouraged to replace the private portion of the substandard water service connection, as well.",Q3 2026 - Q2 2027,Active,1 - Projects with approved or allocated funding in the Capital Works Program.,Transportation Services,"Lucas Da Costa, Engineering and Construction Services",ldacost@toronto.ca,https://www.toronto.ca/services-payments/streets-parking-transportation/road-maintenance/road-sidewalk-repair/,TS_Road_Reconstruction,12,2026,EXTERNAL,"{""type"": ""LineString"", ""coordinates"": [[-79.4425101582618, 43.673247569697], [-79.4437645179198, 43.6729581349581]]}"
237,19315, ,2023-02-13,Local Road Rehabilitation,MACPHERSON AVE&lt;br&gt; From: [15.20 m W] DAVENPORT RD&lt;br&gt; To: HURON ST ,"Replacement of partial road pavement structure or entire road pavement structure for either partial lane width, full lane width or full road width. This could include the asphalt and underlying support materials. Repair, improvement or replacement of road drainage, damaged sidewalk, boulevards and curbs. Work may include the closure of individual lanes or the entire road.",Q3 2026 - Q2 2027,Active,,Transportation Services,"Lucas Da Costa, Engineering and Construction Services",ldacost@toronto.ca,https://www.toronto.ca/services-payments/streets-parking-transportation/road-maintenance/road-sidewalk-repair/,TS_Road_Reconstruction,12,2026,EXTERNAL,"{""type"": ""LineString"", ""coordinates"": [[-79.4040959554037, 43.6765933111377], [-79.4051682267088, 43.6763638637536]]}"
238,19405, ,2025-04-12,Laneway Reconstruction,[37.80 m W] OSSINGTON AVE&lt;br&gt; From: [39.90 m S] NORTHUMBERLAND ST&lt;br&gt; To: NORTHUMBERLAND ST ,"Replacement of the entire laneway pavement structure, including the asphalt, concrete and underlying support materials. Repair, improvement, or replacement of laneway drainage, curbs, and associated areas. Work may include the closure of individual lanes or the entire laneway. Also, includes the replacement of the City-owned portion of substandard water service connections. The property owner is encouraged to replace the private portion of the substandard water service connection, as well.",Q2 2027 - Q4 2027,Active,1 - Projects with approved or allocated funding in the Capital Works Program.,Transportation Services,"Osa Ehioghiren, Engineering and Construction Services",oehiogh@toronto.ca,https://www.toronto.ca/services-payments/streets-parking-transportation/road-maintenance/road-sidewalk-repair/,TS_Road_Reconstruction,12,2027,EXTERNAL,"{""type"": ""LineString"", ""coordinates"": [[-79.4265170795357, 43.6624741982785], [-79.4265122177632, 43.6624946182977], [-79.4266741792454, 43.6628937715732]]}"
239,19456, ,2024-10-28,Laneway Reconstruction,[40.20 m N] NORMAN AVE&lt;br&gt; From: CALEDONIA RD&lt;br&gt; To: GILBERT AVE ,"Replacement of the entire laneway pavement structure, including the asphalt, concrete and underlying support materials. Repair, improvement, or replacement of laneway drainage, curbs, and associated areas. Work may include the closure of individual lanes or the entire laneway. Also, includes the replacement of the City-owned portion of substandard water service connections. The property owner is encouraged to replace the private portion of the substandard water service connection, as well.",Q2 2026 - Q4 2027,Active,1 - Projects with approved or allocated funding in the Capital Works Program.,Transportation Services,"Amran Durrani, Engineering and Construction Services",adurran2@toronto.ca,https://www.toronto.ca/services-payments/streets-parking-transportation/road-maintenance/road-sidewalk-repair/,TS_Road_Reconstruction,12,2026,EXTERNAL,"{""type"": ""LineString"", ""coordinates"": [[-79.4559741306975, 43.6782030316494], [-79.4566428105757, 43.6780566539711], [-79.4572603498788, 43.6779214734103]]}"
240,19461, ,2024-03-14,Local Road Reconstruction,STRATHEDEN RD&lt;br&gt; From: MILDENHALL RD&lt;br&gt; To: DANESWOOD RD ,"Replacement of the entire road pavement structure, including the asphalt and underlying support materials. Repair, improvement, or replacement of: road drainage, curbs, boulevards and sidewalks. Work may include the closure of individual lanes or the entire road.  Also, includes the replacement of the City-owned portion of substandard water service connections. The property owner is encouraged to replace the private portion of the substandard water service connection, as well. Also, includes the replacement of the City-owned portion of substandard water service connections. The property owner is encouraged to replace the private portion of the substandard water service connection, as well.",Q4 2027 - Q1 2030,Active,1 - Projects with approved or allocated funding in the Capital Works Program.,Transportation Services,"Harry Persaud, Engineering and Construction Services",hpersau3@toronto.ca,https://www.toronto.ca/services-payments/streets-parking-transportation/road-maintenance/road-sidewalk-repair/,TS_Road_Reconstruction,12,2027,EXTERNAL,"{""type"": ""LineString"", ""coordinates"": [[-79.3838624792093, 43.721721433073], [-79.3814786566566, 43.7222201386792]]}"
241,19505,1,2024-03-14,Local Road Reconstruction,ROTHMERE DR&lt;br&gt; From: BRAESIDE RD&lt;br&gt; To: MILDENHALL RD ,"Replacement of the entire road pavement structure, including the asphalt and underlying support materials. Repair, improvement, or replacement of: road drainage, curbs, boulevards and sidewalks. Work may include the closure of individual lanes or the entire road.  Also, includes the replacement of the City-owned portion of substandard water service connections. The property owner is encouraged to replace the private portion of the substandard water service connection, as well. Also, includes the replacement of the City-owned portion of substandard water service connections. The property owner is encouraged to replace the private portion of the substandard water service connection, as well.",Q4 2027 - Q1 2030,Active,1 - Projects with approved or allocated funding in the Capital Works Program.,Transportation Services,"Harry Persaud, Engineering and Construction Services",hpersau3@toronto.ca,https://www.toronto.ca/services-payments/streets-parking-transportation/road-maintenance/road-sidewalk-repair/,TS_Road_Reconstruction,12,2027,EXTERNAL,"{""type"": ""LineString"", ""coordinates"": [[-79.3902974312957, 43.7284420446276], [-79.390213770356, 43.7284405583093], [-79.3886777136323, 43.728769851871], [-79.3885095242891, 43.7288058162057], [-79.3883398209852, 43.728842129862], [-79.3881624285215, 43.728887391073], [-79.3879871415069, 43.7289490273205], [-79.3878278937659, 43.7290094017647], [-79.3868903087035, 43.7293062854974]]}"
242,19524, ,2024-01-04,Local Road Reconstruction,[N-S] HILLSIDE DR [LEG]&lt;br&gt; From: GAMBLE AVE&lt;br&gt; To: [85 m S] GAMBLE AVE [END] ,"Replacement of the entire road pavement structure, including the asphalt and underlying support materials. Repair, improvement, or replacement of: road drainage, curbs, boulevards and sidewalks. Work may include the closure of individual lanes or the entire road.  Also, includes the replacement of the City-owned portion of substandard water service connections. The property owner is encouraged to replace the private portion of the substandard water service connection, as well. Also, includes the replacement of the City-owned portion of substandard water service connections. The property owner is encouraged to replace the private portion of the substandard water service connection, as well.",Q2 2019 - Q3 2027,Active,1 - Projects with approved or allocated funding in the Capital Works Program.,Transportation Services,"Christy Manoharan, Engineering and Construction Services",cmanoha@toronto.ca,https://www.toronto.ca/services-payments/streets-parking-transportation/road-maintenance/road-sidewalk-repair/,TS_Road_Reconstruction,12,2025,EXTERNAL,"{""type"": ""LineString"", ""coordinates"": [[-79.3562022750222, 43.6884311460419], [-79.3561617189354, 43.6885266411123], [-79.3561387779063, 43.6886482252004], [-79.3561387539168, 43.6887106815864], [-79.3561366142216, 43.6887916149763], [-79.356143979534, 43.6889028749024], [-79.3561610067079, 43.688978331716], [-79.3561978341166, 43.6891046239681]]}"
243,19530,1,2024-03-14,Local Road Reconstruction,ROCHESTER AVE&lt;br&gt; From: MILDENHALL RD&lt;br&gt; To: LEWES CRES ,"Replacement of the entire road pavement structure, including the asphalt and underlying support materials. Repair, improvement, or replacement of: road drainage, curbs, boulevards and sidewalks. Work may include the closure of individual lanes or the entire road.  Also, includes the replacement of the City-owned portion of substandard water service connections. The property owner is encouraged to replace the private portion of the substandard water service connection, as well. Also, includes the replacement of the City-owned portion of substandard water service connections. The property owner is encouraged to replace the private portion of the substandard water service connection, as well.",Q4 2027 - Q1 2030,Active,1 - Projects with approved or allocated funding in the Capital Works Program.,Transportation Services,"Rachele Joseph, Engineering and Construction Services",rgjoseph@toronto.ca,https://www.toronto.ca/services-payments/streets-parking-transportation/road-maintenance/road-sidewalk-repair/,TS_Road_Reconstruction,12,2027,EXTERNAL,"{""type"": ""LineString"", ""coordinates"": [[-79.3853886041248, 43.7255219245174], [-79.3839519974445, 43.7258025955114]]}"
244,19592,TS2023-15-006,2024-06-26,Local Road Reconstruction,BRIDLE PATH THE&lt;br&gt; From: [190 m N] POST RD&lt;br&gt; To: [350 m E] BAYVIEW AVE ,"Replacement of the entire road pavement structure, including the asphalt and underlying support materials. Repair, improvement, or replacement of: road drainage, curbs, boulevards and sidewalks. Work may include the closure of individual lanes or the entire road.  Also, includes the replacement of the City-owned portion of substandard water service connections. The property owner is encouraged to replace the private portion of the substandard water service connection, as well. Also, includes the replacement of the City-owned portion of substandard water service connections. The property owner is encouraged to replace the private portion of the substandard water service connection, as well.",Q3 2024 - Q2 2026 (Carry-Over),Active,1 - Projects with approved or allocated funding in the Capital Works Program.,Transportation Services,"Matthew McAinsh, Engineering and Construction Services",mmcains@toronto.ca,https://www.toronto.ca/services-payments/streets-parking-transportation/road-maintenance/road-sidewalk-repair/,TS_Road_Reconstruction,12,2024,EXTERNAL,"{""type"": ""LineString"", ""coordinates"": [[-79.3780820753087, 43.7393863376641], [-79.375655524588, 43.7398809959938], [-79.3754164417334, 43.7399281819757], [-79.3753322153297, 43.7399709044375], [-79.3752644649023, 43.7400135719084], [-79.37522303406, 43.7400443765641], [-79.3751875403775, 43.7400618739855], [-79.3751520330384, 43.7400793614797], [-79.3751138776274, 43.7400866575902], [-79.3750735064446, 43.740084842033], [-79.3750467370264, 43.7400795200553], [-79.3750265536145, 43.740071298779], [-79.3750010491297, 43.7400421879529], [-79.3749895840118, 43.739995566204], [-79.3749840549609, 43.7399356102399], [-79.3749772379396, 43.7398687570324], [-79.3749769068464, 43.7398172597968], [-79.3749711404811, 43.7397645675544], [-79.3749631836111, 43.7396715555544], [-79.3749402660273, 43.7395783021538], [-79.3748983366336, 43.7394556758636], [-79.3748588304262, 43.7393505136745], [-79.3748128240472, 43.7392923694233], [-79.3747785014396, 43.7392580281778], [-79.3747335132574, 43.7392296439423], [-79.3747010485269, 43.7392152883175]]}"
245,19602, ,2024-03-14,Local Road Reconstruction,MILDENHALL RD&lt;br&gt; From: ROTHMERE DR&lt;br&gt; To: [2 m E] BRAESIDE RD [CITY LIMITS] ,"Replacement of the entire road pavement structure, including the asphalt and underlying support materials. Repair, improvement, or replacement of: road drainage, curbs, boulevards and sidewalks. Work may include the closure of individual lanes or the entire road.  Also, includes the replacement of the City-owned portion of substandard water service connections. The property owner is encouraged to replace the private portion of the substandard water service connection, as well.",Q4 2027 - Q1 2030,Active,1 - Projects with approved or allocated funding in the Capital Works Program.,Transportation Services,"Harry Persaud, Engineering and Construction Services",hpersau3@toronto.ca,https://www.toronto.ca/services-payments/streets-parking-transportation/road-maintenance/road-sidewalk-repair/,TS_Road_Reconstruction,12,2027,EXTERNAL,"{""type"": ""LineString"", ""coordinates"": [[-79.3868903087035, 43.7293062854974], [-79.3869392556659, 43.7294154297994], [-79.3870203107194, 43.7295413130125], [-79.3870840585627, 43.7296157955182], [-79.3871593850583, 43.7296864458912], [-79.3872427180014, 43.7297564641244], [-79.3873304144408, 43.7298098424138], [-79.3874222565454, 43.7298574747298], [-79.3875189441001, 43.7298895657074], [-79.3876311150474, 43.729900075163], [-79.3877481437263, 43.7298950252441], [-79.3878991261169, 43.7298690068292], [-79.3880418559178, 43.7298545026125], [-79.388197007331, 43.7298419645363], [-79.3883486150172, 43.7298326452301], [-79.3884742830484, 43.7298208250764], [-79.3886143022664, 43.7298153466387], [-79.3887377556083, 43.7298136585276], [-79.3889231083606, 43.7298220938335], [-79.3891848599272, 43.7298596418166], [-79.38950740977, 43.7299123808643], [-79.389791667429, 43.7299570160804], [-79.3899509816379, 43.7300036816581], [-79.3901011902939, 43.7300331819058], [-79.3902320183964, 43.7300370341305], [-79.3903657763575, 43.7300209422797], [-79.3904700384731, 43.7300055862166], [-79.3905581358335, 43.7299987126477], [-79.3906478729751, 43.7299911294821]]}"
246,19634, ,2024-04-12,Major Road Rehabilitation,DUPONT ST&lt;br&gt; From: MADISON AVE&lt;br&gt; To: [21.30 m E] SPADINA RD (TO) ,"Replacement of partial road pavement structure or entire road pavement structure for either partial lane width, full lane width or full road width. This could include the asphalt and underlying support materials. Repair, improvement or replacement of road drainage, damaged sidewalk, boulevards and curbs. Work may include the closure of individual lanes or the entire road.",Q4 2026 - Q3 2027,Active,,Transportation Services,"Shahid Virk, Engineering and Construction Services",svirk@toronto.ca,https://www.toronto.ca/services-payments/streets-parking-transportation/road-maintenance/road-sidewalk-repair/,TS_Road_Reconstruction,12,2026,EXTERNAL,"{""type"": ""LineString"", ""coordinates"": [[-79.4059769635791, 43.6751085658455], [-79.4068632086908, 43.6749142174177]]}"
247,19686,TS2023-13-001,2024-06-27,Major Road Reconstruction,GERRARD ST E&lt;br&gt; From: RATHMORE AVE&lt;br&gt; To: CLONMORE DR ,"Replacement of the entire road pavement structure, including the asphalt and underlying support materials. Repair, improvement, or replacement of: road drainage, curbs, boulevards and sidewalks. Work may include the closure of individual lanes or the entire road.  Also, includes the replacement of the City-owned portion of substandard water service connections. The property owner is encouraged to replace the private portion of the substandard water service connection, as well. Also, includes the replacement of the City-owned portion of substandard water service connections. The property owner is encouraged to replace the private portion of the substandard water service connection, as well.",Q1 2029 - Q2 2032,Active,1 - Projects with approved or allocated funding in the Capital Works Program.,Transportation Services,"Sarmad Al-Douri, Engineering and Construction Services",saldour@toronto.ca,https://www.toronto.ca/services-payments/streets-parking-transportation/road-maintenance/road-sidewalk-repair/,TS_Road_Reconstruction,12,2027,EXTERNAL,"{""type"": ""LineString"", ""coordinates"": [[-79.2808034597103, 43.6881509458582], [-79.2782247733673, 43.6887149349539], [-79.2781532794758, 43.6887363858347], [-79.2780668158708, 43.6887837349446]]}"
248,19687, ,2024-04-12,Major Road Rehabilitation,DUPONT ST&lt;br&gt; From: ST GEORGE ST (TO)&lt;br&gt; To: HURON ST ,"Replacement of partial road pavement structure or entire road pavement structure for either partial lane width, full lane width or full road width. This could include the asphalt and underlying support materials. Repair, improvement or replacement of road drainage, damaged sidewalk, boulevards and curbs. Work may include the closure of individual lanes or the entire road.",Q4 2026 - Q3 2027,Active,,Transportation Services,"Shahid Virk, Engineering and Construction Services",svirk@toronto.ca,https://www.toronto.ca/services-payments/streets-parking-transportation/road-maintenance/road-sidewalk-repair/,TS_Road_Reconstruction,12,2026,EXTERNAL,"{""type"": ""LineString"", ""coordinates"": [[-79.403600319043, 43.675594773861], [-79.4041738521104, 43.6754803452256], [-79.4047887916673, 43.6753576543882]]}"
249,19748, ,2024-12-12,Local Road Reconstruction,COLBORNE ST&lt;br&gt; From: LEADER LANE&lt;br&gt; To: CHURCH ST ,"Replacement of the entire road pavement structure, including the asphalt and underlying support materials. Repair, improvement, or replacement of: road drainage, curbs, boulevards and sidewalks. Work may include the closure of individual lanes or the entire road.  Also, includes the replacement of the City-owned portion of substandard water service connections. The property owner is encouraged to replace the private portion of the substandard water service connection, as well. Also, includes the replacement of the City-owned portion of substandard water service connections. The property owner is encouraged to replace the private portion of the substandard water service connection, as well.",Q3 2025 - Q4 2026,Active,1 - Projects with approved or allocated funding in the Capital Works Program.,Transportation Services,"Marfique Ahmed, Engineering and Construction Services",mahmed2@toronto.ca,https://www.toronto.ca/services-payments/streets-parking-transportation/road-maintenance/road-sidewalk-repair/,TS_Road_Reconstruction,12,2025,EXTERNAL,"{""type"": ""LineString"", ""coordinates"": [[-79.3754504316776, 43.6489765510062], [-79.3753002386409, 43.6490118796407], [-79.3746058771626, 43.6491629649767], [-79.3741453385907, 43.6492626935461]]}"
250,19776,TS2023-11-283,2024-06-26,Local Road Rehabilitation,YARMOUTH GDNS&lt;br&gt; From: PALMERSTON AVE&lt;br&gt; To: MANNING AVE (TO) ,"Replacement of partial road pavement structure or entire road pavement structure for either partial lane width, full lane width or full road width. This could include the asphalt and underlying support materials. Repair, improvement or replacement of road drainage, damaged sidewalk, boulevards and curbs. Work may include the closure of individual lanes or the entire road.",Q2 2024 - Q3 2024,Active,,Transportation Services,"Christy Manoharan, Engineering and Construction Services",cmanoha@toronto.ca,https://www.toronto.ca/services-payments/streets-parking-transportation/road-maintenance/road-sidewalk-repair/,TS_Road_Reconstruction,12,2024,EXTERNAL,"{""type"": ""LineString"", ""coordinates"": [[-79.4161150546134, 43.6709813156484], [-79.4166836084404, 43.6708603089348], [-79.4183959867239, 43.6704958895007], [-79.4184777760067, 43.6704826645972], [-79.4184924300699, 43.6704852863324]]}"
251,19811, ,2025-03-13,Laneway Reconstruction,[37 m S] EGLINTON AVE W&lt;br&gt; From: SCOTT RD&lt;br&gt; To: KEELE ST ,"Replacement of the entire laneway pavement structure, including the asphalt, concrete and underlying support materials. Repair, improvement, or replacement of laneway drainage, curbs, and associated areas. Work may include the closure of individual lanes or the entire laneway. Also, includes the replacement of the City-owned portion of substandard water service connections. The property owner is encouraged to replace the private portion of the substandard water service connection, as well.",Q3 2026 - Q4 2026,Active,1 - Projects with approved or allocated funding in the Capital Works Program.,Transportation Services,"Matthew McAinsh, Engineering and Construction Services",mmcains@toronto.ca,https://www.toronto.ca/services-payments/streets-parking-transportation/road-maintenance/road-sidewalk-repair/,TS_Road_Reconstruction,12,2026,EXTERNAL,"{""type"": ""LineString"", ""coordinates"": [[-79.4725949854874, 43.6903503685633], [-79.4730714030187, 43.690232095816], [-79.4730302442544, 43.6900932023795], [-79.4742979990668, 43.6898074367883]]}"
252,19820, ,2024-06-28,Major Road Rehabilitation,WELLESLEY ST E&lt;br&gt; From: WELLESLEY PL&lt;br&gt; To: HOMEWOOD AVE (TO) ,"Replacement of partial road pavement structure or entire road pavement structure for either partial lane width, full lane width or full road width. This could include the asphalt and underlying support materials. Repair, improvement or replacement of road drainage, damaged sidewalk, boulevards and curbs. Work may include the closure of individual lanes or the entire road.",Q1 2026 - Q4 2026,Active,,Transportation Services,"Rooban Markandu, Engineering and Construction Services",rmarkan2@toronto.ca,https://www.toronto.ca/services-payments/streets-parking-transportation/road-maintenance/road-sidewalk-repair/,TS_Road_Reconstruction,12,2025,EXTERNAL,"{""type"": ""LineString"", ""coordinates"": [[-79.3765008836219, 43.6664289195821], [-79.3763109983227, 43.6664296126124], [-79.3761593353147, 43.6664382661163], [-79.3760344105356, 43.6664551288314], [-79.3758529017376, 43.6664862708985]]}"
253,19856, ,2024-04-12,Major Road Rehabilitation,KEELE ST&lt;br&gt; From: FINCH AVE W&lt;br&gt; To: STEELES AVE W ,"Replacement of partial road pavement structure or entire road pavement structure for either partial lane width, full lane width or full road width. This could include the asphalt and underlying support materials. Repair, improvement or replacement of road drainage, damaged sidewalk, boulevards and curbs. Work may include the closure of individual lanes or the entire road.",Q1 2028 - Q4 2029,Active,,Transportation Services,"Adel Roufail, Engineering and Construction Services",aroufai@toronto.ca,https://www.toronto.ca/services-payments/streets-parking-transportation/road-maintenance/road-sidewalk-repair/,TS_Road_Reconstruction,12,2026,EXTERNAL,"{""type"": ""LineString"", ""coordinates"": [[-79.4910534144174, 43.7635021636324], [-79.4916590122106, 43.7657154548501], [-79.4917365830686, 43.7660340878092], [-79.4918108279281, 43.7663390476703], [-79.492012041353, 43.767165649925], [-79.4920222716224, 43.7672076510298], [-79.4920479063207, 43.7673129251761], [-79.4932398858887, 43.7719900679568], [-79.4939610227479, 43.7748195513112], [-79.4940388269615, 43.7751688725797], [-79.4940486722192, 43.7752130688079], [-79.4940587288642, 43.7752553117934], [-79.4945741239377, 43.7774193338241], [-79.4946234866197, 43.7775764865151], [-79.4946446695939, 43.777664256922], [-79.494649409077, 43.7777179760671], [-79.4946566182132, 43.7777997690444], [-79.4946727146159, 43.7779103094385], [-79.4946735458159, 43.7779930355349], [-79.4946836092977, 43.7780664827646], [-79.4946870634698, 43.7781438172861], [-79.494680742704, 43.7782137352969], [-79.4946841926938, 43.7783102863908], [-79.494679272462, 43.7784027334653], [-79.4946799137436, 43.7785119310534], [-79.4946774394164, 43.7786062144747], [-79.4946752364054, 43.7787088410808], [-79.4946483297321, 43.7788578927048], [-79.4945988029888, 43.7789927853305], [-79.4945677521232, 43.7791091103228], [-79.4945386917629, 43.7792069659241], [-79.4945185875296, 43.7792871796776], [-79.4944932896992, 43.7793745751997], [-79.4944589432657, 43.7794832382108], [-79.4944443892126, 43.7795802204717], [-79.4944246694092, 43.7796651589292], [-79.4944072970319, 43.7797555882027], [-79.4943710468301, 43.779879084993], [-79.4943572618942, 43.779985517588], [-79.4943428958292, 43.7800752629071], [-79.4943343886777, 43.78019012894], [-79.4943094593848, 43.7803014756016], [-79.4943066096639, 43.7803910315595], [-79.4943036434677, 43.7805034594465], [-79.4943143542658, 43.7806284158206], [-79.49432827732, 43.7807454549342], [-79.4943429634807, 43.7808334842589], [-79.4943600083899, 43.7809269945], [-79.4943742165601, 43.7810523866875], [-79.4944003867822, 43.7811979141397], [-79.494427418631, 43.7813108133401], [-79.4944517289804, 43.7814327315561], [-79.4945063620089, 43.7815790704563]]}"
254,19883, ,2023-12-06,Local Road Rehabilitation,SNOOKER ST&lt;br&gt; From: HANNA AVE&lt;br&gt; To: ATLANTIC AVE ,"Replacement of partial road pavement structure or entire road pavement structure for either partial lane width, full lane width or full road width. This could include the asphalt and underlying support materials. Repair, improvement or replacement of road drainage, damaged sidewalk, boulevards and curbs. Work may include the closure of individual lanes or the entire road.",Q2 2027 - Q4 2027,Active,,Transportation Services,"Osa Ehioghiren, Engineering and Construction Services",oehiogh@toronto.ca,https://www.toronto.ca/services-payments/streets-parking-transportation/road-maintenance/road-sidewalk-repair/,TS_Road_Reconstruction,12,2027,EXTERNAL,"{""type"": ""LineString"", ""coordinates"": [[-79.4210127872498, 43.6394728683129], [-79.4205072940313, 43.6395829324299], [-79.4201913818353, 43.6396517204814], [-79.4201884569874, 43.6396515564146], [-79.4200008345386, 43.6396856350069]]}"
255,19976, ,2024-08-13,Local Road Rehabilitation,REDPATH AVE&lt;br&gt; From: EGLINTON AVE E&lt;br&gt; To: ROEHAMPTON AVE ,"Replacement of partial road pavement structure or entire road pavement structure for either partial lane width, full lane width or full road width. This could include the asphalt and underlying support materials. Repair, improvement or replacement of road drainage, damaged sidewalk, boulevards and curbs. Work may include the closure of individual lanes or the entire road.",Q2 2026 - Q4 2026,Active,,Transportation Services,"Bill Dakogiannis, Engineering and Construction Services",bdakogi@toronto.ca,https://www.toronto.ca/services-payments/streets-parking-transportation/road-maintenance/road-sidewalk-repair/,TS_Road_Reconstruction,12,2025,EXTERNAL,"{""type"": ""LineString"", ""coordinates"": [[-79.3928193662151, 43.7078611540079], [-79.3932944623297, 43.709071936103]]}"
256,20130, ,2024-06-26,Laneway Reconstruction,BARBARA BARRETT LANE&lt;br&gt; From: BRUNSWICK AVE&lt;br&gt; To: BORDEN ST ,"Replacement of the entire laneway pavement structure, including the asphalt, concrete and underlying support materials. Repair, improvement, or replacement of laneway drainage, curbs, and associated areas. Work may include the closure of individual lanes or the entire laneway. Also, includes the replacement of the City-owned portion of substandard water service connections. The property owner is encouraged to replace the private portion of the substandard water service connection, as well.",Q2 2024 - Q3 2024,Active,1 - Projects with approved or allocated funding in the Capital Works Program.,Transportation Services,"Christy Manoharan, Engineering and Construction Services",cmanoha@toronto.ca,https://www.toronto.ca/services-payments/streets-parking-transportation/road-maintenance/road-sidewalk-repair/,TS_Road_Reconstruction,12,2024,EXTERNAL,"{""type"": ""LineString"", ""coordinates"": [[-79.4073084436925, 43.665493580025], [-79.4078890606607, 43.665356231679], [-79.4085026766956, 43.6652318318183]]}"
257,20151, ,2024-06-26,Laneway Reconstruction,[30.50 m E] JONES AVE&lt;br&gt; From: [23.20 m N] QUEEN ST E&lt;br&gt; To: [115.10 m N] QUEEN ST E ,"Replacement of the entire laneway pavement structure, including the asphalt, concrete and underlying support materials. Repair, improvement, or replacement of laneway drainage, curbs, and associated areas. Work may include the closure of individual lanes or the entire laneway. Also, includes the replacement of the City-owned portion of substandard water service connections. The property owner is encouraged to replace the private portion of the substandard water service connection, as well.",Q4 2023 - Q4 2026 (Carry-Over),Active,1 - Projects with approved or allocated funding in the Capital Works Program.,Transportation Services,"Jessica Orjuela, Engineering and Construction Services",jorjuel@toronto.ca,https://www.toronto.ca/services-payments/streets-parking-transportation/road-maintenance/road-sidewalk-repair/,TS_Road_Reconstruction,12,2023,EXTERNAL,"{""type"": ""LineString"", ""coordinates"": [[-79.3324316859436, 43.6631086314602], [-79.3327373082778, 43.6638731162871]]}"
258,20154,TS2023-04-089,2024-06-26,Local Road Rehabilitation,EVANS AVE (TO)&lt;br&gt; From: ARDAGH ST&lt;br&gt; To: ANNETTE ST ,"Replacement of partial road pavement structure or entire road pavement structure for either partial lane width, full lane width or full road width. This could include the asphalt and underlying support materials. Repair, improvement or replacement of road drainage, damaged sidewalk, boulevards and curbs. Work may include the closure of individual lanes or the entire road.",Q3 2025 - Q3 2026 (Carry-Over),Active,,Transportation Services,"Augustine Anifowose, Engineering and Construction Services",aanifow@toronto.ca,https://www.toronto.ca/services-payments/streets-parking-transportation/road-maintenance/road-sidewalk-repair/,TS_Road_Reconstruction,12,2024,EXTERNAL,"{""type"": ""LineString"", ""coordinates"": [[-79.4850005380202, 43.6561965500742], [-79.4853256417031, 43.6569701684169], [-79.4858924359026, 43.6583188841092], [-79.486049605417, 43.6586927663044]]}"
259,20159, ,2024-03-14,Local Road Reconstruction,ST AUBYNS CRES&lt;br&gt; From: BAYVIEW WOOD&lt;br&gt; To: LEWES CRES ,"Replacement of the entire road pavement structure, including the asphalt and underlying support materials. Repair, improvement, or replacement of: road drainage, curbs, boulevards and sidewalks. Work may include the closure of individual lanes or the entire road.  Also, includes the replacement of the City-owned portion of substandard water service connections. The property owner is encouraged to replace the private portion of the substandard water service connection, as well. Also, includes the replacement of the City-owned portion of substandard water service connections. The property owner is encouraged to replace the private portion of the substandard water service connection, as well.",Q4 2027 - Q1 2030,Active,1 - Projects with approved or allocated funding in the Capital Works Program.,Transportation Services,"Harry Persaud, Engineering and Construction Services",hpersau3@toronto.ca,https://www.toronto.ca/services-payments/streets-parking-transportation/road-maintenance/road-sidewalk-repair/,TS_Road_Reconstruction,12,2027,EXTERNAL,"{""type"": ""LineString"", ""coordinates"": [[-79.3831977340256, 43.7259497608385], [-79.3830039406515, 43.7263523942656], [-79.3829824627989, 43.7264154016645], [-79.3829747617392, 43.7264551981646], [-79.3829761906555, 43.7265060665356], [-79.3829898337214, 43.7265503035951], [-79.3830186945982, 43.7266000928908], [-79.3830584921605, 43.7266504226414], [-79.3831346403131, 43.7267090886923], [-79.3832249519043, 43.7267621973951], [-79.3833231755616, 43.7268183457203], [-79.3834168364114, 43.7268598901964], [-79.3835078225155, 43.7268911974603], [-79.3835897492007, 43.7269089206562], [-79.3836793197926, 43.7269213318399]]}"
260,20205,TS2023-12-009,2024-06-26,Local Road Rehabilitation,ARCHER RD&lt;br&gt; From: DUNLOE RD&lt;br&gt; To: BROWSIDE AVE ,"Replacement of partial road pavement structure or entire road pavement structure for either partial lane width, full lane width or full road width. This could include the asphalt and underlying support materials. Repair, improvement or replacement of road drainage, damaged sidewalk, boulevards and curbs. Work may include the closure of individual lanes or the entire road.",Q2 2024 - Q3 2024,Active,,Transportation Services,"Christy Manoharan, Engineering and Construction Services",cmanoha@toronto.ca,https://www.toronto.ca/services-payments/streets-parking-transportation/road-maintenance/road-sidewalk-repair/,TS_Road_Reconstruction,12,2024,EXTERNAL,"{""type"": ""LineString"", ""coordinates"": [[-79.4139535093099, 43.6965057544061], [-79.4150224212979, 43.696282978252]]}"
261,20296,TS2024-10_11-027,2025-03-19,Major Road Rehabilitation,[E] UNIVERSITY AVE [BRANCH]&lt;br&gt; From: EDWARD ST&lt;br&gt; To: ELM ST ,"Replacement of partial road pavement structure or entire road pavement structure for either partial lane width, full lane width or full road width. This could include the asphalt and underlying support materials. Repair, improvement or replacement of road drainage, damaged sidewalk, boulevards and curbs. Work may include the closure of individual lanes or the entire road.",Q1 2025 - Q3 2027 (Carry-Over),Active,,Transportation Services,"Newsha Roshani, Engineering and Construction Services",nroshan@toronto.ca,https://www.toronto.ca/services-payments/streets-parking-transportation/road-maintenance/road-sidewalk-repair/,TS_Road_Reconstruction,12,2024,EXTERNAL,"{""type"": ""LineString"", ""coordinates"": [[-79.3884527451187, 43.6555123732583], [-79.3885321775094, 43.6557022136473], [-79.3888195268601, 43.6563725711916]]}"
262,20376, ,2024-04-05,Laneway Reconstruction,[38.10 m N] BLOOR ST W&lt;br&gt; From: DORVAL RD&lt;br&gt; To: INDIAN RD ,"Replacement of the entire laneway pavement structure, including the asphalt, concrete and underlying support materials. Repair, improvement, or replacement of laneway drainage, curbs, and associated areas. Work may include the closure of individual lanes or the entire laneway. Also, includes the replacement of the City-owned portion of substandard water service connections. The property owner is encouraged to replace the private portion of the substandard water service connection, as well.",Q4 2024 - Q3 2025,Active,1 - Projects with approved or allocated funding in the Capital Works Program.,Transportation Services,"Amran Durrani, Engineering and Construction Services",adurran2@toronto.ca,https://www.toronto.ca/services-payments/streets-parking-transportation/road-maintenance/road-sidewalk-repair/,TS_Road_Reconstruction,12,2024,EXTERNAL,"{""type"": ""LineString"", ""coordinates"": [[-79.45445936145, 43.656382165673], [-79.4569734001402, 43.6558233058766]]}"
263,20471, ,2024-08-14,Major Road Rehabilitation,GREENWOOD AVE&lt;br&gt; From: STRATHMORE BLVD&lt;br&gt; To: GLEBEHOLME BLVD ,"Replacement of partial road pavement structure or entire road pavement structure for either partial lane width, full lane width or full road width. This could include the asphalt and underlying support materials. Repair, improvement or replacement of road drainage, damaged sidewalk, boulevards and curbs. Work may include the closure of individual lanes or the entire road.",Q3 2025 - Q3 2026 (Carry-Over),Active,,Transportation Services,"Promil Sarkar, Engineering and Construction Services",psarkar@toronto.ca,https://www.toronto.ca/services-payments/streets-parking-transportation/road-maintenance/road-sidewalk-repair/,TS_Road_Reconstruction,12,2025,EXTERNAL,"{""type"": ""LineString"", ""coordinates"": [[-79.3327160454509, 43.6822768313312], [-79.3334189364099, 43.6839276597938]]}"
264,20500,TS2023-13-044,2025-03-24,Local Road Reconstruction,SACKVILLE PL&lt;br&gt; From: SACKVILLE ST&lt;br&gt; To: WOODSTOCK PL ,"Replacement of the entire road pavement structure, including the asphalt and underlying support materials. Repair, improvement, or replacement of: road drainage, curbs, boulevards and sidewalks. Work may include the closure of individual lanes or the entire road.  Also, includes the replacement of the City-owned portion of substandard water service connections. The property owner is encouraged to replace the private portion of the substandard water service connection, as well. Also, includes the replacement of the City-owned portion of substandard water service connections. The property owner is encouraged to replace the private portion of the substandard water service connection, as well.",Q4 2025 - Q3 2026,Active,1 - Projects with approved or allocated funding in the Capital Works Program.,Transportation Services,"Amran Durrani, Engineering and Construction Services",adurran2@toronto.ca,https://www.toronto.ca/services-payments/streets-parking-transportation/road-maintenance/road-sidewalk-repair/,TS_Road_Reconstruction,12,2025,EXTERNAL,"{""type"": ""LineString"", ""coordinates"": [[-79.3653496007707, 43.6658238675451], [-79.3647928557414, 43.6659497421659], [-79.364759658338, 43.6659572730188]]}"
265,20501,TS2022-03-001,2023-10-05,Major Road Reconstruction,THE QUEENSWAY EB&lt;br&gt; From: HUMBER RIVER&lt;br&gt; To: HIGH ST ,"Replacement of the entire road pavement structure, including the asphalt and underlying support materials. Repair, improvement, or replacement of: road drainage, curbs, boulevards and sidewalks. Work may include the closure of individual lanes or the entire road.  Also, includes the replacement of the City-owned portion of substandard water service connections. The property owner is encouraged to replace the private portion of the substandard water service connection, as well. Also, includes the replacement of the City-owned portion of substandard water service connections. The property owner is encouraged to replace the private portion of the substandard water service connection, as well.",Q1 2027 - Q4 2028,Active,1 - Projects with approved or allocated funding in the Capital Works Program.,Transportation Services,"Javier Saborio, Engineering and Construction Services",jsabori@toronto.ca,https://www.toronto.ca/services-payments/streets-parking-transportation/road-maintenance/road-sidewalk-repair/,TS_Road_Reconstruction,12,2027,EXTERNAL,"{""type"": ""LineString"", ""coordinates"": [[-79.4754552420102, 43.6334533490102], [-79.4755693926282, 43.6333419110731], [-79.4758617917272, 43.6330631830845], [-79.4758652251398, 43.6330587011179], [-79.4762272223262, 43.632585945705], [-79.4764116363253, 43.632347451582], [-79.4766363038711, 43.63211346428], [-79.4768806972972, 43.6319289872655], [-79.4772145174171, 43.6317580269671], [-79.4777113489372, 43.6316275975456], [-79.4782023911683, 43.6315376630168], [-79.4784018234047, 43.6315151910907], [-79.4800604404825, 43.6312363970807], [-79.4803853595993, 43.6311689329529], [-79.4808663364015, 43.631105989422], [-79.4815169216916, 43.6309710539785]]}"
266,20530,,2025-05-02,Laneway Reconstruction,[113 m W] HUMBERCREST BLVD&lt;br&gt; From: UNDERWOOD AVE&lt;br&gt; To: ST MARK&apos;S RD ,"Replacement of the entire laneway pavement structure, including the asphalt, concrete and underlying support materials. Repair, improvement, or replacement of laneway drainage, curbs, and associated areas. Work may include the closure of individual lanes or the entire laneway. Also, includes the replacement of the City-owned portion of substandard water service connections. The property owner is encouraged to replace the private portion of the substandard water service connection, as well.",2026 - 2027,Active,1 - Projects with approved or allocated funding in the Capital Works Program.,Transportation Services, Toronto and Region Conservation Authority,info@trca.ca,https://www.toronto.ca/services-payments/streets-parking-transportation/road-maintenance/road-sidewalk-repair/,TS_Road_Reconstruction,12,2026,EXTERNAL,"{""type"": ""LineString"", ""coordinates"": [[-79.4944723432002, 43.6604133685173], [-79.4946587574067, 43.6600939142195], [-79.4945341453956, 43.6594286188107]]}"
267,20594, ,2023-09-11,Laneway Reconstruction,DOUGLAS CAMPBELL LANE&lt;br&gt; From: COLLEGE ST (TO)&lt;br&gt; To: [45.70 m N] COLLEGE ST (TO) ,"Replacement of the entire laneway pavement structure, including the asphalt, concrete and underlying support materials. Repair, improvement, or replacement of laneway drainage, curbs, and associated areas. Work may include the closure of individual lanes or the entire laneway. Also, includes the replacement of the City-owned portion of substandard water service connections. The property owner is encouraged to replace the private portion of the substandard water service connection, as well.",2026,Active,1 - Projects with approved or allocated funding in the Capital Works Program.,Transportation Services,"Augustine Anifowose, Engineering and Construction Services",aanifow@toronto.ca,https://www.toronto.ca/services-payments/streets-parking-transportation/road-maintenance/road-sidewalk-repair/,TS_Road_Reconstruction,12,2026,EXTERNAL,"{""type"": ""LineString"", ""coordinates"": [[-79.4010554289409, 43.6578112833012], [-79.4012453655503, 43.6582724129034]]}"
268,20647, ,2025-09-18,Local Road Reconstruction,MILITARY TRL&lt;br&gt; From: ELLESMERE RD&lt;br&gt; To: EAST HIGHLAND CREEK ,"Replacement of the entire road pavement structure, including the asphalt and underlying support materials. Repair, improvement, or replacement of: road drainage, curbs, boulevards and sidewalks. Work may include the closure of individual lanes or the entire road.  Also, includes the replacement of the City-owned portion of substandard water service connections. The property owner is encouraged to replace the private portion of the substandard water service connection, as well.",Q1 2022 - Q4 2025 (Carry-Over),Active,1 - Projects with approved or allocated funding in the Capital Works Program.,Transportation Services,"Steven Bertolo, Engineering and Construction Services",sbertol@toronto.ca,https://www.toronto.ca/services-payments/streets-parking-transportation/road-maintenance/road-sidewalk-repair/,TS_Road_Reconstruction,12,2021,EXTERNAL,"{""type"": ""LineString"", ""coordinates"": [[-79.2171425832307, 43.779752592019], [-79.2172054230981, 43.7798897828557], [-79.2172618688727, 43.7800130240546], [-79.2172988738821, 43.780093496774], [-79.2173281849658, 43.7801560930678], [-79.2173465597279, 43.7802276805612], [-79.2173509862785, 43.7802904196302], [-79.2173631534842, 43.7803532336477], [-79.2173636959151, 43.7804071329807], [-79.2173571732176, 43.7804789541351], [-79.2173460341897, 43.780541761821], [-79.2173264150536, 43.780595574385], [-79.21731141708, 43.7806494541822], [-79.2172956345333, 43.7807034670535], [-79.217279839068, 43.7807575789029], [-79.2172578313647, 43.7808117923965], [-79.2172389049035, 43.7808659505004], [-79.2172160313002, 43.7809378040969], [-79.2171947128177, 43.7810094464084], [-79.217173380283, 43.7810811597892], [-79.2171615409991, 43.7811261542425], [-79.2171426645065, 43.7811802143386], [-79.2171345661565, 43.7812433382607], [-79.2171280744207, 43.7812974470062], [-79.2171239324524, 43.7813514535526], [-79.2171236488227, 43.7814145077019], [-79.2171311298462, 43.7814775819681], [-79.2171339262548, 43.781540589732], [-79.21713825793, 43.7815944381251], [-79.2171433243883, 43.781666354542], [-79.2171569614542, 43.7817383731783], [-79.217172175822, 43.7817923214087], [-79.2171893754062, 43.7818547275276], [-79.2172072947776, 43.7819170445125], [-79.2172370945157, 43.7819707596857], [-79.2172779743002, 43.782024890209], [-79.2173119392395, 43.7820700294696], [-79.217340550313, 43.7821152814953], [-79.217378524429, 43.7821425003634], [-79.2174474739798, 43.7821878088975], [-79.2174954457882, 43.7822239545775], [-79.2175449514165, 43.782250985865], [-79.2175834386567, 43.7822777099693], [-79.2176093051846, 43.7823040509335], [-79.2176428873181, 43.7823303029394], [-79.2176824863478, 43.7823929821411], [-79.2177006717272, 43.7824200323033], [-79.2177267533991, 43.7824561220146], [-79.2177400525637, 43.7824921441479], [-79.2177549791326, 43.7825464156244], [-79.2177566365231, 43.7825931464741], [-79.2177474653666, 43.782638806449], [-79.2177256249172, 43.7826729928751], [-79.2177038361854, 43.7826990873932], [-79.2176712160266, 43.7827350114077], [-79.217627770915, 43.782779909816], [-79.2175847576316, 43.7828251693205], [-79.2175221552344, 43.7828910749319], [-79.217472705271, 43.7829262453011], [-79.2173183419151, 43.7830335893412], [-79.2171999969881, 43.7831249651533], [-79.2171161848366, 43.783206697879], [-79.2170426374135, 43.7832694077293], [-79.2169586035712, 43.78331377423], [-79.2168539765475, 43.783385580054], [-79.2167740827737, 43.7834213785823], [-79.2166983104, 43.783466026396], [-79.2166161520425, 43.7835106583254], [-79.2164667164212, 43.7835920469162], [-79.2163552876332, 43.7836548684647], [-79.2162462067748, 43.7837176867319], [-79.2161471429289, 43.7837821418777], [-79.2160599622416, 43.7838351040929], [-79.2156789503788, 43.7840665592682]]}"
269,20839,TS2023-10_11-435,2025-09-05,Local Road Reconstruction,AUGUSTA AVE&lt;br&gt; From: DUNDAS ST W&lt;br&gt; To: WALES AVE ,"Replacement of the entire road pavement structure, including the asphalt and underlying support materials. Repair, improvement, or replacement of: road drainage, curbs, boulevards and sidewalks. Work may include the closure of individual lanes or the entire road.  Also, includes the replacement of the City-owned portion of substandard water service connections. The property owner is encouraged to replace the private portion of the substandard water service connection, as well. Also, includes the replacement of the City-owned portion of substandard water service connections. The property owner is encouraged to replace the private portion of the substandard water service connection, as well.",Q2 2027 - Q4 2028,Active,1 - Projects with approved or allocated funding in the Capital Works Program.,Transportation Services,"Steven Bertolo, Engineering and Construction Services",sbertol@toronto.ca,https://www.toronto.ca/services-payments/streets-parking-transportation/road-maintenance/road-sidewalk-repair/,TS_Road_Reconstruction,12,2027,EXTERNAL,"{""type"": ""LineString"", ""coordinates"": [[-79.4011469079516, 43.6522746021317], [-79.4012953953978, 43.6526519332193], [-79.401310162027, 43.6526894546233], [-79.4014380216955, 43.6530143590906], [-79.4015688258877, 43.6533468153691]]}"
270,20856, ,2025-10-14,Local Road Reconstruction,HIGHLAND GDNS&lt;br&gt; From: [73 m W] HIGHLAND AVE [END]&lt;br&gt; To: [73 m W] HIGHLAND AVE [END] ,"Replacement of the entire road pavement structure, including the asphalt and underlying support materials. Repair, improvement, or replacement of: road drainage, curbs, boulevards and sidewalks. Work may include the closure of individual lanes or the entire road.  Also, includes the replacement of the City-owned portion of substandard water service connections. The property owner is encouraged to replace the private portion of the substandard water service connection, as well. Also, includes the replacement of the City-owned portion of substandard water service connections. The property owner is encouraged to replace the private portion of the substandard water service connection, as well.",Q3 2025 - Q4 2026,Active,1 - Projects with approved or allocated funding in the Capital Works Program.,Transportation Services,"Marfique Ahmed, Engineering and Construction Services",mahmed2@toronto.ca,https://www.toronto.ca/services-payments/streets-parking-transportation/road-maintenance/road-sidewalk-repair/,TS_Road_Reconstruction,12,2025,EXTERNAL,"{""type"": ""LineString"", ""coordinates"": [[-79.3815816319326, 43.6824393660884], [-79.3816929377368, 43.6824116177864], [-79.3817923972122, 43.6824002890171], [-79.3818622678438, 43.682416079336], [-79.3819005532954, 43.6824732763137], [-79.3818797874033, 43.6825196953142], [-79.381833453308, 43.6825510844999], [-79.3817536679897, 43.6825710074052], [-79.3816679835857, 43.6825859230207], [-79.3815842743853, 43.6825979809021], [-79.3815104376598, 43.6825957602774]]}"
271,20858, ,2026-04-21,Laneway Reconstruction,[24.90 m E] HURON ST&lt;br&gt; From: [23.80 m N] DUNDAS ST W&lt;br&gt; To: [44.30 m N] DUNDAS ST W ,"Replacement of the entire laneway pavement structure, including the asphalt, concrete and underlying support materials. Repair, improvement, or replacement of laneway drainage, curbs, and associated areas. Work may include the closure of individual lanes or the entire laneway. Also, includes the replacement of the City-owned portion of substandard water service connections. The property owner is encouraged to replace the private portion of the substandard water service connection, as well.",Q2 2026 - Q4 2026,Active,1 - Projects with approved or allocated funding in the Capital Works Program.,Transportation Services,"Niloufar Mohajerani, Engineering and Construction Services",nmohaje@toronto.ca,https://www.toronto.ca/services-payments/streets-parking-transportation/road-maintenance/road-sidewalk-repair/,TS_Road_Reconstruction,12,2026,EXTERNAL,"{""type"": ""LineString"", ""coordinates"": [[-79.3958991824756, 43.6539042948101], [-79.3958250685226, 43.6537224602289]]}"
272,20859, ,2023-02-13,Local Road Rehabilitation,MACPHERSON AVE&lt;br&gt; From: HURON ST&lt;br&gt; To: MADISON AVE ,"Replacement of partial road pavement structure or entire road pavement structure for either partial lane width, full lane width or full road width. This could include the asphalt and underlying support materials. Repair, improvement or replacement of road drainage, damaged sidewalk, boulevards and curbs. Work may include the closure of individual lanes or the entire road.",Q3 2026 - Q2 2027,Active,,Transportation Services,"Lucas Da Costa, Engineering and Construction Services",ldacost@toronto.ca,https://www.toronto.ca/services-payments/streets-parking-transportation/road-maintenance/road-sidewalk-repair/,TS_Road_Reconstruction,12,2026,EXTERNAL,"{""type"": ""LineString"", ""coordinates"": [[-79.4051682267088, 43.6763638637536], [-79.4063298369843, 43.6761221387338]]}"
273,20925,TS2023-10_11-435,2025-09-05,Local Road Reconstruction,AUGUSTA AVE&lt;br&gt; From: DENISON SQ&lt;br&gt; To: BALDWIN ST ,"Replacement of the entire road pavement structure, including the asphalt and underlying support materials. Repair, improvement, or replacement of: road drainage, curbs, boulevards and sidewalks. Work may include the closure of individual lanes or the entire road.  Also, includes the replacement of the City-owned portion of substandard water service connections. The property owner is encouraged to replace the private portion of the substandard water service connection, as well. Also, includes the replacement of the City-owned portion of substandard water service connections. The property owner is encouraged to replace the private portion of the substandard water service connection, as well.",Q2 2027 - Q4 2028,Active,1 - Projects with approved or allocated funding in the Capital Works Program.,Transportation Services,"Steven Bertolo, Engineering and Construction Services",sbertol@toronto.ca,https://www.toronto.ca/services-payments/streets-parking-transportation/road-maintenance/road-sidewalk-repair/,TS_Road_Reconstruction,12,2027,EXTERNAL,"{""type"": ""LineString"", ""coordinates"": [[-79.4017770621429, 43.6538823519038], [-79.4019129489346, 43.6542119676772], [-79.4019161459722, 43.654219729588], [-79.4020351684402, 43.6545084150705]]}"
274,20937, ,2026-04-21,Local Road Reconstruction,ZAPH AVE&lt;br&gt; From: ELLESMERE RD&lt;br&gt; To: [762 m N] ELLESMERE AVE [CUL-DE-SAC] ,"Replacement of the entire road pavement structure, including the asphalt and underlying support materials. Repair, improvement, or replacement of: road drainage, curbs, boulevards and sidewalks. Work may include the closure of individual lanes or the entire road.  Also, includes the replacement of the City-owned portion of substandard water service connections. The property owner is encouraged to replace the private portion of the substandard water service connection, as well. Also, includes the replacement of the City-owned portion of substandard water service connections. The property owner is encouraged to replace the private portion of the substandard water service connection, as well.",Q2 2026 - Q4 2026,Active,1 - Projects with approved or allocated funding in the Capital Works Program.,Transportation Services,"Niloufar Mohajerani, Engineering and Construction Services",nmohaje@toronto.ca,https://www.toronto.ca/services-payments/streets-parking-transportation/road-maintenance/road-sidewalk-repair/,TS_Road_Reconstruction,12,2026,EXTERNAL,"{""type"": ""LineString"", ""coordinates"": [[-79.1667276247241, 43.7917396982679], [-79.1673478521731, 43.7930824701267], [-79.1677442462625, 43.793940627809], [-79.1678281423517, 43.7941287117041], [-79.1683264158111, 43.7952195732394], [-79.1687670413371, 43.7961779281127], [-79.1688008359139, 43.796251440119], [-79.1692238860574, 43.7971715413646], [-79.1698651130894, 43.7985584204752], [-79.170003313288, 43.7988717327379], [-79.1700847528557, 43.7990317890393], [-79.1700913760179, 43.7990386652109]]}"
275,20957,TS2023-13-049,2024-04-25,Local Road Rehabilitation,ST PAUL ST&lt;br&gt; From: RAY LANE&lt;br&gt; To: QUEEN ST E ,"Replacement of partial road pavement structure or entire road pavement structure for either partial lane width, full lane width or full road width. This could include the asphalt and underlying support materials. Repair, improvement or replacement of road drainage, damaged sidewalk, boulevards and curbs. Work may include the closure of individual lanes or the entire road.",Q3 2024 - Q4 2025 (Carry-Over),Active,,Transportation Services,"Javier Saborio, Engineering and Construction Services",jsabori@toronto.ca,https://www.toronto.ca/services-payments/streets-parking-transportation/road-maintenance/road-sidewalk-repair/,TS_Road_Reconstruction,12,2024,EXTERNAL,"{""type"": ""LineString"", ""coordinates"": [[-79.360355685286, 43.6560617016883], [-79.3603641264084, 43.6560838463216], [-79.3605137833925, 43.6564794961722]]}"
276,20978, ,2026-02-18,Local Road Reconstruction,LANGTON AVE&lt;br&gt; From: HASLEMERE RD&lt;br&gt; To: BRAESIDE RD ,"Replacement of the entire road pavement structure, including the asphalt and underlying support materials. Repair, improvement, or replacement of: road drainage, curbs, boulevards and sidewalks. Work may include the closure of individual lanes or the entire road.  Also, includes the replacement of the City-owned portion of substandard water service connections. The property owner is encouraged to replace the private portion of the substandard water service connection, as well. Also, includes the replacement of the City-owned portion of substandard water service connections. The property owner is encouraged to replace the private portion of the substandard water service connection, as well.",2027 - 2030,Active,1 - Projects with approved or allocated funding in the Capital Works Program.,Transportation Services,"Osa Ehioghiren, Engineering and Construction Services",oehiogh@toronto.ca,https://www.toronto.ca/services-payments/streets-parking-transportation/road-maintenance/road-sidewalk-repair/,TS_Road_Reconstruction,12,2027,EXTERNAL,"{""type"": ""LineString"", ""coordinates"": [[-79.3920647101273, 43.7297043106476], [-79.3923982481767, 43.7305233036032]]}"
277,21031,TS2023-11-447,2024-06-28,Local Road Reconstruction,RAMSDEN PARK RD&lt;br&gt; From: YONGE ST&lt;br&gt; To: [126 m W] YONGE ST [END] ,"Replacement of the entire road pavement structure, including the asphalt and underlying support materials. Repair, improvement, or replacement of: road drainage, curbs, boulevards and sidewalks. Work may include the closure of individual lanes or the entire road.  Also, includes the replacement of the City-owned portion of substandard water service connections. The property owner is encouraged to replace the private portion of the substandard water service connection, as well. Also, includes the replacement of the City-owned portion of substandard water service connections. The property owner is encouraged to replace the private portion of the substandard water service connection, as well.",Q2 2024 - Q3 2024,Active,1 - Projects with approved or allocated funding in the Capital Works Program.,Transportation Services,"Christy Manoharan, Engineering and Construction Services",cmanoha@toronto.ca,https://www.toronto.ca/services-payments/streets-parking-transportation/road-maintenance/road-sidewalk-repair/,TS_Road_Reconstruction,12,2024,EXTERNAL,"{""type"": ""LineString"", ""coordinates"": [[-79.389572829349, 43.6770385952618], [-79.3900593468608, 43.6769302976837], [-79.3911833618606, 43.6766801085893]]}"
278,21051, ,2021-09-01,Laneway Reconstruction,[27.40 m W] BAY ST&lt;br&gt; From: TEMPERANCE ST&lt;br&gt; To: RICHMOND ST W ,"Replacement of the entire laneway pavement structure, including the asphalt, concrete and underlying support materials. Repair, improvement, or replacement of laneway drainage, curbs, and associated areas. Work may include the closure of individual lanes or the entire laneway. Also, includes the replacement of the City-owned portion of substandard water service connections. The property owner is encouraged to replace the private portion of the substandard water service connection, as well.",2025,Active,1 - Projects with approved or allocated funding in the Capital Works Program.,Transportation Services,"Gabor Szakter, Engineering and Construction Services",gszakte@toronto.ca,https://www.toronto.ca/services-payments/streets-parking-transportation/road-maintenance/road-sidewalk-repair/,TS_Road_Reconstruction,12,2025,EXTERNAL,"{""type"": ""LineString"", ""coordinates"": [[-79.3815384546847, 43.6504649376741], [-79.3817994165711, 43.6510645453407]]}"
279,21128, ,2024-06-26,Local Road Reconstruction,NEW HAVEN DR&lt;br&gt; From: GILGORM RD&lt;br&gt; To: SPADINA RD (TO) ,"Replacement of the entire road pavement structure, including the asphalt and underlying support materials. Repair, improvement, or replacement of: road drainage, curbs, boulevards and sidewalks. Work may include the closure of individual lanes or the entire road.  Also, includes the replacement of the City-owned portion of substandard water service connections. The property owner is encouraged to replace the private portion of the substandard water service connection, as well. Also, includes the replacement of the City-owned portion of substandard water service connections. The property owner is encouraged to replace the private portion of the substandard water service connection, as well.",Q2 2024 - Q3 2024,Active,1 - Projects with approved or allocated funding in the Capital Works Program.,Transportation Services,"Christy Manoharan, Engineering and Construction Services",cmanoha@toronto.ca,https://www.toronto.ca/services-payments/streets-parking-transportation/road-maintenance/road-sidewalk-repair/,TS_Road_Reconstruction,12,2024,EXTERNAL,"{""type"": ""LineString"", ""coordinates"": [[-79.4179105080564, 43.7060097537411], [-79.4189712733396, 43.7057989887973], [-79.4190593243893, 43.7057765488975], [-79.4190946428576, 43.705754070718], [-79.4191132729259, 43.7057405828928]]}"
280,21148,TS2023-13-001,2024-04-25,Major Road Reconstruction,GERRARD ST E&lt;br&gt; From: CENTRAL HOSPITAL LANE&lt;br&gt; To: SEATON ST ,"Replacement of the entire road pavement structure, including the asphalt and underlying support materials. Repair, improvement, or replacement of: road drainage, curbs, boulevards and sidewalks. Work may include the closure of individual lanes or the entire road.  Also, includes the replacement of the City-owned portion of substandard water service connections. The property owner is encouraged to replace the private portion of the substandard water service connection, as well. Also, includes the replacement of the City-owned portion of substandard water service connections. The property owner is encouraged to replace the private portion of the substandard water service connection, as well.",Q1 2027 - Q1 2028,Active,1 - Projects with approved or allocated funding in the Capital Works Program.,Transportation Services,"Marilia Cimini, Engineering and Construction Services",mcimini@toronto.ca,https://www.toronto.ca/services-payments/streets-parking-transportation/road-maintenance/road-sidewalk-repair/,TS_Road_Reconstruction,12,2025,EXTERNAL,"{""type"": ""LineString"", ""coordinates"": [[-79.3714388008979, 43.6614023360052], [-79.3707022026958, 43.6615644097245]]}"
281,21272,TS2023-11-145,2025-10-30,Local Road Reconstruction,CLIFTON RD&lt;br&gt; From: [73 m S] GLENROSE AVE [END]&lt;br&gt; To: GLENROSE AVE ,"Replacement of the entire road pavement structure, including the asphalt and underlying support materials. Repair, improvement, or replacement of: road drainage, curbs, boulevards and sidewalks. Work may include the closure of individual lanes or the entire road.  Also, includes the replacement of the City-owned portion of substandard water service connections. The property owner is encouraged to replace the private portion of the substandard water service connection, as well. Also, includes the replacement of the City-owned portion of substandard water service connections. The property owner is encouraged to replace the private portion of the substandard water service connection, as well.",Q3 2027 - Q4 2028,Active,1 - Projects with approved or allocated funding in the Capital Works Program.,Transportation Services,"Hazel Breton, Engineering and Construction Services",hbreton@toronto.ca,https://www.toronto.ca/services-payments/streets-parking-transportation/road-maintenance/road-sidewalk-repair/,TS_Road_Reconstruction,12,2026,EXTERNAL,"{""type"": ""LineString"", ""coordinates"": [[-79.3834818499899, 43.6885497285425], [-79.3835885044229, 43.6885746906983], [-79.3836512137071, 43.6885971416772], [-79.3836898389027, 43.6886162331368], [-79.3837153827839, 43.6886441235492], [-79.3837418307841, 43.6886920202643], [-79.3838774920874, 43.6889819072937], [-79.3839793704392, 43.6892205433723]]}"
282,21327, ,2022-09-27,Laneway Reconstruction,[28.60 m W] YORK ST&lt;br&gt; From: [52 m S] RICHMOND ST W&lt;br&gt; To: RICHMOND ST W ,"Replacement of the entire laneway pavement structure, including the asphalt, concrete and underlying support materials. Repair, improvement, or replacement of laneway drainage, curbs, and associated areas. Work may include the closure of individual lanes or the entire laneway. Also, includes the replacement of the City-owned portion of substandard water service connections. The property owner is encouraged to replace the private portion of the substandard water service connection, as well.",Q3 2025 - Q4 2026 (Carry-Over),Active,1 - Projects with approved or allocated funding in the Capital Works Program.,Transportation Services,"Marfique Ahmed, Engineering and Construction Services",mahmed2@toronto.ca,https://www.toronto.ca/services-payments/streets-parking-transportation/road-maintenance/road-sidewalk-repair/,TS_Road_Reconstruction,12,2025,EXTERNAL,"{""type"": ""LineString"", ""coordinates"": [[-79.3851110950526, 43.6503416018767], [-79.3848953663775, 43.64980495776]]}"
283,21335,TS2023-13-001,2024-06-27,Major Road Reconstruction,GERRARD ST E&lt;br&gt; From: VICTORIA PARK AVE&lt;br&gt; To: TILBURN PL ,"Replacement of the entire road pavement structure, including the asphalt and underlying support materials. Repair, improvement, or replacement of: road drainage, curbs, boulevards and sidewalks. Work may include the closure of individual lanes or the entire road.  Also, includes the replacement of the City-owned portion of substandard water service connections. The property owner is encouraged to replace the private portion of the substandard water service connection, as well. Also, includes the replacement of the City-owned portion of substandard water service connections. The property owner is encouraged to replace the private portion of the substandard water service connection, as well.",Q1 2029 - Q2 2032,Active,1 - Projects with approved or allocated funding in the Capital Works Program.,Transportation Services,"Sarmad Al-Douri, Engineering and Construction Services",saldour@toronto.ca,https://www.toronto.ca/services-payments/streets-parking-transportation/road-maintenance/road-sidewalk-repair/,TS_Road_Reconstruction,12,2027,EXTERNAL,"{""type"": ""LineString"", ""coordinates"": [[-79.2865765831036, 43.6869049614758], [-79.2839718355978, 43.6874525755274], [-79.2828341306258, 43.6877148995327], [-79.2818026874289, 43.687936378166]]}"
284,21353, ,2023-10-31,Laneway Reconstruction,[30.20 m N] BADEN ST&lt;br&gt; From: [30.50 m W] OSSINGTON AVE&lt;br&gt; To: [67.10 m W] OSSINGTON AVE ,"Replacement of the entire laneway pavement structure, including the asphalt, concrete and underlying support materials. Repair, improvement, or replacement of laneway drainage, curbs, and associated areas. Work may include the closure of individual lanes or the entire laneway. Also, includes the replacement of the City-owned portion of substandard water service connections. The property owner is encouraged to replace the private portion of the substandard water service connection, as well.",2026,Active,1 - Projects with approved or allocated funding in the Capital Works Program.,Transportation Services,"Augustine Anifowose, Engineering and Construction Services",aanifow@toronto.ca,https://www.toronto.ca/services-payments/streets-parking-transportation/road-maintenance/road-sidewalk-repair/,TS_Road_Reconstruction,12,2026,EXTERNAL,"{""type"": ""LineString"", ""coordinates"": [[-79.4217053427412, 43.6503902470876], [-79.4221133490483, 43.6503136226759]]}"
285,21370, ,2023-02-13,Laneway Reconstruction,[25 m N] ADELAIDE ST W&lt;br&gt; From: DUNCAN ST&lt;br&gt; To: [27.40 m W] DUNCAN ST ,"Replacement of the entire laneway pavement structure, including the asphalt, concrete and underlying support materials. Repair, improvement, or replacement of laneway drainage, curbs, and associated areas. Work may include the closure of individual lanes or the entire laneway. Also, includes the replacement of the City-owned portion of substandard water service connections. The property owner is encouraged to replace the private portion of the substandard water service connection, as well.",Q2 2027 - Q4 2027,Active,1 - Projects with approved or allocated funding in the Capital Works Program.,Transportation Services,"Osa Ehioghiren, Engineering and Construction Services",oehiogh@toronto.ca,https://www.toronto.ca/services-payments/streets-parking-transportation/road-maintenance/road-sidewalk-repair/,TS_Road_Reconstruction,12,2027,EXTERNAL,"{""type"": ""LineString"", ""coordinates"": [[-79.3888050921048, 43.6485070667884], [-79.3892446711243, 43.6484187445784]]}"
286,21398,1,2024-03-14,Local Road Reconstruction,CHELTENHAM AVE&lt;br&gt; From: ST IVES AVE&lt;br&gt; To: [20.30 m E] ST IVES AVE [CITY LIMITS] ,"Replacement of the entire road pavement structure, including the asphalt and underlying support materials. Repair, improvement, or replacement of: road drainage, curbs, boulevards and sidewalks. Work may include the closure of individual lanes or the entire road.  Also, includes the replacement of the City-owned portion of substandard water service connections. The property owner is encouraged to replace the private portion of the substandard water service connection, as well. Also, includes the replacement of the City-owned portion of substandard water service connections. The property owner is encouraged to replace the private portion of the substandard water service connection, as well.",Q4 2027 - Q1 2030,Active,1 - Projects with approved or allocated funding in the Capital Works Program.,Transportation Services,"Harry Persaud, Engineering and Construction Services",hpersau3@toronto.ca,https://www.toronto.ca/services-payments/streets-parking-transportation/road-maintenance/road-sidewalk-repair/,TS_Road_Reconstruction,12,2027,EXTERNAL,"{""type"": ""LineString"", ""coordinates"": [[-79.3900333542572, 43.7256097066243], [-79.3898172073568, 43.7256413727689], [-79.3896602410674, 43.7256736537257]]}"
287,21442, ,2025-04-12,Laneway Reconstruction,[30.50 m N] QUEEN ST W&lt;br&gt; From: DOVERCOURT RD&lt;br&gt; To: LISGAR ST ,"Replacement of the entire laneway pavement structure, including the asphalt, concrete and underlying support materials. Repair, improvement, or replacement of laneway drainage, curbs, and associated areas. Work may include the closure of individual lanes or the entire laneway. Also, includes the replacement of the City-owned portion of substandard water service connections. The property owner is encouraged to replace the private portion of the substandard water service connection, as well.",Q2 2027 - Q4 2027,Active,1 - Projects with approved or allocated funding in the Capital Works Program.,Transportation Services,"Osa Ehioghiren, Engineering and Construction Services",oehiogh@toronto.ca,https://www.toronto.ca/services-payments/streets-parking-transportation/road-maintenance/road-sidewalk-repair/,TS_Road_Reconstruction,12,2027,EXTERNAL,"{""type"": ""LineString"", ""coordinates"": [[-79.422546740236, 43.6438386322858], [-79.4231276282313, 43.6437226564523], [-79.42375343732, 43.6435962462406]]}"
288,21549, ,2023-05-19,Local Road Reconstruction,AMHERST AVE&lt;br&gt; From: GLENHOLME AVE&lt;br&gt; To: LAUDER AVE ,"Replacement of the entire road pavement structure, including the asphalt and underlying support materials. Repair, improvement, or replacement of: road drainage, curbs, boulevards and sidewalks. Work may include the closure of individual lanes or the entire road.  Also, includes the replacement of the City-owned portion of substandard water service connections. The property owner is encouraged to replace the private portion of the substandard water service connection, as well. Also, includes the replacement of the City-owned portion of substandard water service connections. The property owner is encouraged to replace the private portion of the substandard water service connection, as well.",Q3 2025 - Q4 2028 (Carry-Over),Active,1 - Projects with approved or allocated funding in the Capital Works Program.,Transportation Services,"Marfique Ahmed, Engineering and Construction Services",mahmed2@toronto.ca,https://www.toronto.ca/services-payments/streets-parking-transportation/road-maintenance/road-sidewalk-repair/,TS_Road_Reconstruction,12,2024,EXTERNAL,"{""type"": ""LineString"", ""coordinates"": [[-79.4434416242263, 43.6907768698416], [-79.4445525426019, 43.6905352900118]]}"
289,21602, ,2024-03-14,Local Road Reconstruction,MILDENHALL RD&lt;br&gt; From: BRAESIDE RD&lt;br&gt; To: [2 m E] BRAESIDE RD [CITY LIMITS] ,"Replacement of the entire road pavement structure, including the asphalt and underlying support materials. Repair, improvement, or replacement of: road drainage, curbs, boulevards and sidewalks. Work may include the closure of individual lanes or the entire road.  Also, includes the replacement of the City-owned portion of substandard water service connections. The property owner is encouraged to replace the private portion of the substandard water service connection, as well. Also, includes the replacement of the City-owned portion of substandard water service connections. The property owner is encouraged to replace the private portion of the substandard water service connection, as well.",Q4 2027 - Q1 2030,Active,1 - Projects with approved or allocated funding in the Capital Works Program.,Transportation Services,"Harry Persaud, Engineering and Construction Services",hpersau3@toronto.ca,https://www.toronto.ca/services-payments/streets-parking-transportation/road-maintenance/road-sidewalk-repair/,TS_Road_Reconstruction,12,2027,EXTERNAL,"{""type"": ""LineString"", ""coordinates"": [[-79.3906478729751, 43.7299911294821], [-79.3908941022949, 43.7299304336252]]}"
290,21619,TS2023-13-001,2024-04-25,Major Road Reconstruction,GERRARD ST E&lt;br&gt; From: SEATON ST&lt;br&gt; To: ONTARIO ST ,"Replacement of the entire road pavement structure, including the asphalt and underlying support materials. Repair, improvement, or replacement of: road drainage, curbs, boulevards and sidewalks. Work may include the closure of individual lanes or the entire road.  Also, includes the replacement of the City-owned portion of substandard water service connections. The property owner is encouraged to replace the private portion of the substandard water service connection, as well. Also, includes the replacement of the City-owned portion of substandard water service connections. The property owner is encouraged to replace the private portion of the substandard water service connection, as well.",Q1 2027 - Q1 2028,Active,1 - Projects with approved or allocated funding in the Capital Works Program.,Transportation Services,"Marilia Cimini, Engineering and Construction Services",mcimini@toronto.ca,https://www.toronto.ca/services-payments/streets-parking-transportation/road-maintenance/road-sidewalk-repair/,TS_Road_Reconstruction,12,2025,EXTERNAL,"{""type"": ""LineString"", ""coordinates"": [[-79.3707022026958, 43.6615644097245], [-79.3697172755116, 43.6617810438202]]}"
291,21621, ,2024-12-12,Laneway Reconstruction,LEADER LANE&lt;br&gt; From: WELLINGTON ST E&lt;br&gt; To: COLBORNE ST ,"Replacement of the entire laneway pavement structure, including the asphalt, concrete and underlying support materials. Repair, improvement, or replacement of laneway drainage, curbs, and associated areas. Work may include the closure of individual lanes or the entire laneway. Also, includes the replacement of the City-owned portion of substandard water service connections. The property owner is encouraged to replace the private portion of the substandard water service connection, as well.",Q3 2025 - Q4 2026,Active,1 - Projects with approved or allocated funding in the Capital Works Program.,Transportation Services,"Marfique Ahmed, Engineering and Construction Services",mahmed2@toronto.ca,https://www.toronto.ca/services-payments/streets-parking-transportation/road-maintenance/road-sidewalk-repair/,TS_Road_Reconstruction,12,2025,EXTERNAL,"{""type"": ""LineString"", ""coordinates"": [[-79.3751775496455, 43.6483447528471], [-79.3753269587146, 43.6486930796184], [-79.3754504316776, 43.6489765510062]]}"
292,21623, ,2023-06-30,Local Road Reconstruction,TOFFEE CRT&lt;br&gt; From: NEW TORONTO ST&lt;br&gt; To: [128 m S] NEW TORONTO ST [CUL-DE-SAC] ,"Replacement of the entire road pavement structure, including the asphalt and underlying support materials. Repair, improvement, or replacement of: road drainage, curbs, boulevards and sidewalks. Work may include the closure of individual lanes or the entire road.  Also, includes the replacement of the City-owned portion of substandard water service connections. The property owner is encouraged to replace the private portion of the substandard water service connection, as well. Also, includes the replacement of the City-owned portion of substandard water service connections. The property owner is encouraged to replace the private portion of the substandard water service connection, as well.",Q2 2026 - Q4 2027,Active,1 - Projects with approved or allocated funding in the Capital Works Program.,Transportation Services,"Amran Durrani, Engineering and Construction Services",adurran2@toronto.ca,https://www.toronto.ca/services-payments/streets-parking-transportation/road-maintenance/road-sidewalk-repair/,TS_Road_Reconstruction,12,2026,EXTERNAL,"{""type"": ""LineString"", ""coordinates"": [[-79.5071503790768, 43.6053718274852], [-79.5076735563786, 43.6065277727074]]}"
293,21629, ,2025-09-10,Local Road Rehabilitation,WINONA DR&lt;br&gt; From: AVA RD&lt;br&gt; To: CLOVELLY AVE ,"Replacement of partial road pavement structure or entire road pavement structure for either partial lane width, full lane width or full road width. This could include the asphalt and underlying support materials. Repair, improvement or replacement of road drainage, damaged sidewalk, boulevards and curbs. Work may include the closure of individual lanes or the entire road.",Q3 2025 - Q4 2025,Active,,Transportation Services,"Cherry Chen, Engineering and Construction Services",cchen9@toronto.ca,https://www.toronto.ca/services-payments/streets-parking-transportation/road-maintenance/road-sidewalk-repair/,TS_Road_Reconstruction,12,2025,EXTERNAL,"{""type"": ""LineString"", ""coordinates"": [[-79.4378210729329, 43.6951081285457], [-79.4380315034335, 43.6956078171111]]}"
294,21645, ,2026-03-19,Local Road Reconstruction,RIDELLE AVE&lt;br&gt; From: OLD PARK RD&lt;br&gt; To: OVERDALE RD ,"Replacement of the entire road pavement structure, including the asphalt and underlying support materials. Repair, improvement, or replacement of: road drainage, curbs, boulevards and sidewalks. Work may include the closure of individual lanes or the entire road.  Also, includes the replacement of the City-owned portion of substandard water service connections. The property owner is encouraged to replace the private portion of the substandard water service connection, as well. Also, includes the replacement of the City-owned portion of substandard water service connections. The property owner is encouraged to replace the private portion of the substandard water service connection, as well.",Q2 2026 - Q4 2027,Active,1 - Projects with approved or allocated funding in the Capital Works Program.,Transportation Services,"Lucas Da Costa, Engineering and Construction Services",ldacost@toronto.ca,https://www.toronto.ca/services-payments/streets-parking-transportation/road-maintenance/road-sidewalk-repair/,TS_Road_Reconstruction,12,2026,EXTERNAL,"{""type"": ""LineString"", ""coordinates"": [[-79.4329630691003, 43.7058560969965], [-79.4340824104198, 43.7055975320004]]}"
295,21660, ,2025-10-14,Local Road Rehabilitation,REGENT ST&lt;br&gt; From: ST DAVID WALK&lt;br&gt; To: ST BARTHOLOMEW ST ,"Replacement of partial road pavement structure or entire road pavement structure for either partial lane width, full lane width or full road width. This could include the asphalt and underlying support materials. Repair, improvement or replacement of road drainage, damaged sidewalk, boulevards and curbs. Work may include the closure of individual lanes or the entire road.",Q3 2025 - Q4 2026,Active,,Transportation Services,"Marfique Ahmed, Engineering and Construction Services",mahmed2@toronto.ca,https://www.toronto.ca/services-payments/streets-parking-transportation/road-maintenance/road-sidewalk-repair/,TS_Road_Reconstruction,12,2025,EXTERNAL,"{""type"": ""LineString"", ""coordinates"": [[-79.3640219901551, 43.6585296828335], [-79.3642448102343, 43.6591221633683]]}"
296,21684,TS2023-03-443,2025-06-03,Local Road Reconstruction,ALBRIGHT AVE&lt;br&gt; From: FOCH AVE&lt;br&gt; To: SUNSET AVE ,"Replacement of the entire road pavement structure, including the asphalt and underlying support materials. Repair, improvement, or replacement of: road drainage, curbs, boulevards and sidewalks. Work may include the closure of individual lanes or the entire road.  Also, includes the replacement of the City-owned portion of substandard water service connections. The property owner is encouraged to replace the private portion of the substandard water service connection, as well. Also, includes the replacement of the City-owned portion of substandard water service connections. The property owner is encouraged to replace the private portion of the substandard water service connection, as well.",Q4 2026 - Q1 2031,Active,1 - Projects with approved or allocated funding in the Capital Works Program.,Transportation Services,"Shailaja Patel, Engineering and Construction Services",spatelz@toronto.ca,https://www.toronto.ca/services-payments/streets-parking-transportation/road-maintenance/road-sidewalk-repair/,TS_Road_Reconstruction,12,2026,EXTERNAL,"{""type"": ""LineString"", ""coordinates"": [[-79.5469216237026, 43.5976659312271], [-79.5481067030705, 43.5973842902768], [-79.5494843735706, 43.5970827623519], [-79.5496921738215, 43.5970175071547]]}"
297,21686, ,2023-02-13,Laneway Reconstruction,[33.50 m W] YONGE ST&lt;br&gt; From: WELLINGTON ST W&lt;br&gt; To: MELINDA ST ,"Replacement of the entire laneway pavement structure, including the asphalt, concrete and underlying support materials. Repair, improvement, or replacement of laneway drainage, curbs, and associated areas. Work may include the closure of individual lanes or the entire laneway. Also, includes the replacement of the City-owned portion of substandard water service connections. The property owner is encouraged to replace the private portion of the substandard water service connection, as well.",Q2 2027 - Q4 2027,Active,1 - Projects with approved or allocated funding in the Capital Works Program.,Transportation Services,"Osa Ehioghiren, Engineering and Construction Services",oehiogh@toronto.ca,https://www.toronto.ca/services-payments/streets-parking-transportation/road-maintenance/road-sidewalk-repair/,TS_Road_Reconstruction,12,2027,EXTERNAL,"{""type"": ""LineString"", ""coordinates"": [[-79.3778722643263, 43.6477124723191], [-79.3781701427466, 43.6484220499392]]}"
298,21690,1,2024-03-14,Local Road Reconstruction,MILDENHALL RD&lt;br&gt; From: BLYTHWOOD RD&lt;br&gt; To: LAWRENCE AVE E ,"Replacement of the entire road pavement structure, including the asphalt and underlying support materials. Repair, improvement, or replacement of: road drainage, curbs, boulevards and sidewalks. Work may include the closure of individual lanes or the entire road.  Also, includes the replacement of the City-owned portion of substandard water service connections. The property owner is encouraged to replace the private portion of the substandard water service connection, as well. Also, includes the replacement of the City-owned portion of substandard water service connections. The property owner is encouraged to replace the private portion of the substandard water service connection, as well.",Q4 2027 - Q1 2030,Active,1 - Projects with approved or allocated funding in the Capital Works Program.,Transportation Services,"Harry Persaud, Engineering and Construction Services",hpersau3@toronto.ca,https://www.toronto.ca/services-payments/streets-parking-transportation/road-maintenance/road-sidewalk-repair/,TS_Road_Reconstruction,12,2027,EXTERNAL,"{""type"": ""LineString"", ""coordinates"": [[-79.3832254686457, 43.7201223674845], [-79.3835472674394, 43.7208965323133], [-79.3838624792093, 43.721721433073], [-79.3842067678901, 43.7226071675237], [-79.3846013974838, 43.7235922398659], [-79.3849823905845, 43.7245527091598], [-79.3853886041248, 43.7255219245174], [-79.3857736626135, 43.7264958670832], [-79.386156918345, 43.7274497588323], [-79.3865424099046, 43.72839676001]]}"
299,21698, ,2024-10-28,Laneway Reconstruction,HABIBI LANE&lt;br&gt; From: CALEDONIA RD&lt;br&gt; To: GILBERT AVE ,"Replacement of the entire laneway pavement structure, including the asphalt, concrete and underlying support materials. Repair, improvement, or replacement of laneway drainage, curbs, and associated areas. Work may include the closure of individual lanes or the entire laneway. Also, includes the replacement of the City-owned portion of substandard water service connections. The property owner is encouraged to replace the private portion of the substandard water service connection, as well.",Q2 2026 - Q4 2027,Active,1 - Projects with approved or allocated funding in the Capital Works Program.,Transportation Services,"Amran Durrani, Engineering and Construction Services",adurran2@toronto.ca,https://www.toronto.ca/services-payments/streets-parking-transportation/road-maintenance/road-sidewalk-repair/,TS_Road_Reconstruction,12,2026,EXTERNAL,"{""type"": ""LineString"", ""coordinates"": [[-79.4569713816663, 43.6805719643924], [-79.4576392528267, 43.6804243690658], [-79.4582674458277, 43.6802855424369]]}"
300,21712,TS2023-09-011,2023-02-13,Local Road Rehabilitation,ASCOT AVE&lt;br&gt; From: EARLSCOURT AVE&lt;br&gt; To: NAIRN AVE ,"Replacement of partial road pavement structure or entire road pavement structure for either partial lane width, full lane width or full road width. This could include the asphalt and underlying support materials. Repair, improvement or replacement of road drainage, damaged sidewalk, boulevards and curbs. Work may include the closure of individual lanes or the entire road.",Q3 2026 - Q2 2027,Active,,Transportation Services,"Lucas Da Costa, Engineering and Construction Services",ldacost@toronto.ca,https://www.toronto.ca/services-payments/streets-parking-transportation/road-maintenance/road-sidewalk-repair/,TS_Road_Reconstruction,12,2026,EXTERNAL,"{""type"": ""LineString"", ""coordinates"": [[-79.4483381993882, 43.6791741606789], [-79.4495473959531, 43.6789139380522]]}"
301,21753, ,2021-07-12,Local Road Rehabilitation,CARLING AVE&lt;br&gt; From: IRENE AVE&lt;br&gt; To: LEEDS ST ,"Replacement of partial road pavement structure or entire road pavement structure for either partial lane width, full lane width or full road width. This could include the asphalt and underlying support materials. Repair, improvement or replacement of road drainage, damaged sidewalk, boulevards and curbs. Work may include the closure of individual lanes or the entire road.",Q1 2024 - Q2 2025 (Carry-Over),Active,,Transportation Services,"Dennis Coronel, Engineering and Construction Services",dcorone@toronto.ca,https://www.toronto.ca/services-payments/streets-parking-transportation/road-maintenance/road-sidewalk-repair/,TS_Road_Reconstruction,12,2024,EXTERNAL,"{""type"": ""LineString"", ""coordinates"": [[-79.4248969649302, 43.6628446316204], [-79.4252099904837, 43.6636456591171], [-79.4254609709207, 43.6643217516281]]}"
302,21781, ,2026-04-01,Local Road Rehabilitation,PENROSE RD&lt;br&gt; From: DE-SAVERY CRES&lt;br&gt; To: MOUNT PLEASANT RD ,"Replacement of partial road pavement structure or entire road pavement structure for either partial lane width, full lane width or full road width. This could include the asphalt and underlying support materials. Repair, improvement or replacement of road drainage, damaged sidewalk, boulevards and curbs. Work may include the closure of individual lanes or the entire road.",Q2 2026 - Q4 2027,Active,,Transportation Services,"Amran Durrani, Engineering and Construction Services",adurran2@toronto.ca,https://www.toronto.ca/services-payments/streets-parking-transportation/road-maintenance/road-sidewalk-repair/,TS_Road_Reconstruction,12,2026,EXTERNAL,"{""type"": ""LineString"", ""coordinates"": [[-79.3895303356371, 43.7030380540573], [-79.3881569271875, 43.7032932683942]]}"
303,21793, ,2024-10-28,Laneway Reconstruction,[40.20 m S] INNES AVE&lt;br&gt; From: HABIBI LANE&lt;br&gt; To: [40.2 m N] NORMAN AVE ,"Replacement of the entire laneway pavement structure, including the asphalt, concrete and underlying support materials. Repair, improvement, or replacement of laneway drainage, curbs, and associated areas. Work may include the closure of individual lanes or the entire laneway. Also, includes the replacement of the City-owned portion of substandard water service connections. The property owner is encouraged to replace the private portion of the substandard water service connection, as well.",Q2 2026 - Q4 2027,Active,1 - Projects with approved or allocated funding in the Capital Works Program.,Transportation Services,"Amran Durrani, Engineering and Construction Services",adurran2@toronto.ca,https://www.toronto.ca/services-payments/streets-parking-transportation/road-maintenance/road-sidewalk-repair/,TS_Road_Reconstruction,12,2026,EXTERNAL,"{""type"": ""LineString"", ""coordinates"": [[-79.4566428105757, 43.6780566539711], [-79.4576392528267, 43.6804243690658]]}"
304,21820, ,2025-10-14,Local Road Rehabilitation,MAUD ST&lt;br&gt; From: ADELAIDE ST W&lt;br&gt; To: RICHMOND ST W ,"Replacement of partial road pavement structure or entire road pavement structure for either partial lane width, full lane width or full road width. This could include the asphalt and underlying support materials. Repair, improvement or replacement of road drainage, damaged sidewalk, boulevards and curbs. Work may include the closure of individual lanes or the entire road.",Q3 2025 - Q4 2026,Active,,Transportation Services,"Marfique Ahmed, Engineering and Construction Services",mahmed2@toronto.ca,https://www.toronto.ca/services-payments/streets-parking-transportation/road-maintenance/road-sidewalk-repair/,TS_Road_Reconstruction,12,2025,EXTERNAL,"{""type"": ""LineString"", ""coordinates"": [[-79.3996280936983, 43.6459341203161], [-79.4001233301106, 43.6471866306743]]}"
305,21843, ,2024-04-16,Local Road Rehabilitation,SEATON ST&lt;br&gt; From: GERRARD ST E&lt;br&gt; To: CARLTON ST ,"Replacement of partial road pavement structure or entire road pavement structure for either partial lane width, full lane width or full road width. This could include the asphalt and underlying support materials. Repair, improvement or replacement of road drainage, damaged sidewalk, boulevards and curbs. Work may include the closure of individual lanes or the entire road.",Q1 2025 - Q3 2025,Active,,Transportation Services,"Angela Au, Engineering and Construction Services",aau2@toronto.ca,https://www.toronto.ca/services-payments/streets-parking-transportation/road-maintenance/road-sidewalk-repair/,TS_Road_Reconstruction,12,2024,EXTERNAL,"{""type"": ""LineString"", ""coordinates"": [[-79.3707022026958, 43.6615644097245], [-79.3708667424657, 43.6619573872842], [-79.3708772649237, 43.6619825039129], [-79.3713166724191, 43.6630318662645], [-79.3713360896155, 43.6630782540242], [-79.3715181257567, 43.6635129822445]]}"
306,21903, ,2025-09-05,Laneway Reconstruction,KENSINGTON PL&lt;br&gt; From: [39 m S] KENSINGTON PL [BRANCH]&lt;br&gt; To: [18.40 m N] KENSINGTON PL [BRANCH] ,"Replacement of the entire laneway pavement structure, including the asphalt, concrete and underlying support materials. Repair, improvement, or replacement of laneway drainage, curbs, and associated areas. Work may include the closure of individual lanes or the entire laneway. Also, includes the replacement of the City-owned portion of substandard water service connections. The property owner is encouraged to replace the private portion of the substandard water service connection, as well.",Q2 2027 - Q4 2028,Active,1 - Projects with approved or allocated funding in the Capital Works Program.,Transportation Services,"Steven Bertolo, Engineering and Construction Services",sbertol@toronto.ca,https://www.toronto.ca/services-payments/streets-parking-transportation/road-maintenance/road-sidewalk-repair/,TS_Road_Reconstruction,12,2027,EXTERNAL,"{""type"": ""LineString"", ""coordinates"": [[-79.4007499872934, 43.6534883485982], [-79.4007728925547, 43.6535424297249], [-79.4009048452257, 43.6538315822093], [-79.4009158626777, 43.6538557063899], [-79.4009701358288, 43.6539746595193]]}"
307,21906, ,2025-11-17,Local Road Rehabilitation,WALES AVE&lt;br&gt; From: LEONARD AVE&lt;br&gt; To: CARLYLE ST ,"Replacement of partial road pavement structure or entire road pavement structure for either partial lane width, full lane width or full road width. This could include the asphalt and underlying support materials. Repair, improvement or replacement of road drainage, damaged sidewalk, boulevards and curbs. Work may include the closure of individual lanes or the entire road.",Q2 2027 - Q4 2028,Active,,Transportation Services,"Steven Bertolo, Engineering and Construction Services",sbertol@toronto.ca,https://www.toronto.ca/services-payments/streets-parking-transportation/road-maintenance/road-sidewalk-repair/,TS_Road_Reconstruction,12,2027,EXTERNAL,"{""type"": ""LineString"", ""coordinates"": [[-79.4042150473904, 43.652833895848], [-79.4046340427991, 43.6527447222629], [-79.4046965971638, 43.652728940144], [-79.4047441896975, 43.6527130465095], [-79.4048000422126, 43.6526784009062]]}"
308,21907, ,2024-03-14,Local Road Reconstruction,[N-S] BRAESIDE RD [BRANCH]&lt;br&gt; From: BRAESIDE RD&lt;br&gt; To: HASLEMERE RD ,"Replacement of the entire road pavement structure, including the asphalt and underlying support materials. Repair, improvement, or replacement of: road drainage, curbs, boulevards and sidewalks. Work may include the closure of individual lanes or the entire road.  Also, includes the replacement of the City-owned portion of substandard water service connections. The property owner is encouraged to replace the private portion of the substandard water service connection, as well. Also, includes the replacement of the City-owned portion of substandard water service connections. The property owner is encouraged to replace the private portion of the substandard water service connection, as well.",Q4 2027 - Q1 2030,Active,1 - Projects with approved or allocated funding in the Capital Works Program.,Transportation Services,"Harry Persaud, Engineering and Construction Services",hpersau3@toronto.ca,https://www.toronto.ca/services-payments/streets-parking-transportation/road-maintenance/road-sidewalk-repair/,TS_Road_Reconstruction,12,2027,EXTERNAL,"{""type"": ""LineString"", ""coordinates"": [[-79.3913186997697, 43.7307197107964], [-79.3912737441587, 43.7307137020249], [-79.3912370645812, 43.7306787684459], [-79.3911855115988, 43.7306171401397], [-79.3911451638329, 43.7305240784712], [-79.3908941022949, 43.7299304336252]]}"
309,21930,TS2023-08-414,2025-10-31,Local Road Rehabilitation,ORIOLE PKWY&lt;br&gt; From: ORCHARD VIEW BLVD&lt;br&gt; To: ELWOOD BLVD ,"Replacement of partial road pavement structure or entire road pavement structure for either partial lane width, full lane width or full road width. This could include the asphalt and underlying support materials. Repair, improvement or replacement of road drainage, damaged sidewalk, boulevards and curbs. Work may include the closure of individual lanes or the entire road.",Q3 2027 - Q4 2028,Active,,Transportation Services,"Adriana Gomez, Engineering and Construction Services",AGOMEZ4@toronto.ca,https://www.toronto.ca/services-payments/streets-parking-transportation/road-maintenance/road-sidewalk-repair/,TS_Road_Reconstruction,12,2026,EXTERNAL,"{""type"": ""LineString"", ""coordinates"": [[-79.40711993841, 43.7070861600804], [-79.4072101079657, 43.7074777696901]]}"
310,21951, ,2023-03-24,Major Road Reconstruction,BLOOR ST W&lt;br&gt; From: MADISON AVE&lt;br&gt; To: SPADINA RD (TO) ,"Replacement of the entire road pavement structure, including the asphalt and underlying support materials. Repair, improvement, or replacement of: road drainage, curbs, boulevards and sidewalks. Work may include the closure of individual lanes or the entire road.  Also, includes the replacement of the City-owned portion of substandard water service connections. The property owner is encouraged to replace the private portion of the substandard water service connection, as well. Also, includes the replacement of the City-owned portion of substandard water service connections. The property owner is encouraged to replace the private portion of the substandard water service connection, as well.",Q3 2023 - Q2 2025 (Carry-Over),Active,1 - Projects with approved or allocated funding in the Capital Works Program.,Transportation Services,"Ahmed Bhabha, Engineering and Construction Services",abhabha@toronto.ca,https://www.toronto.ca/services-payments/streets-parking-transportation/road-maintenance/road-sidewalk-repair/,TS_Road_Reconstruction,12,2023,EXTERNAL,"{""type"": ""LineString"", ""coordinates"": [[-79.4027071807526, 43.6669054451141], [-79.4038707403777, 43.6666572968697]]}"
311,22006,TS2024-10_11-027,2025-03-19,Major Road Rehabilitation,[E] UNIVERSITY AVE [BRANCH]&lt;br&gt; From: ELM ST&lt;br&gt; To: GERRARD ST W ,"Replacement of partial road pavement structure or entire road pavement structure for either partial lane width, full lane width or full road width. This could include the asphalt and underlying support materials. Repair, improvement or replacement of road drainage, damaged sidewalk, boulevards and curbs. Work may include the closure of individual lanes or the entire road.",Q1 2025 - Q3 2027 (Carry-Over),Active,,Transportation Services,"Newsha Roshani, Engineering and Construction Services",nroshan@toronto.ca,https://www.toronto.ca/services-payments/streets-parking-transportation/road-maintenance/road-sidewalk-repair/,TS_Road_Reconstruction,12,2024,EXTERNAL,"{""type"": ""LineString"", ""coordinates"": [[-79.3888228239046, 43.6563763459643], [-79.3891509992519, 43.6571339644754], [-79.3893409813778, 43.6575640997989]]}"
312,22038,,2025-04-02,Major Road Reconstruction,Sheppard Ave E&lt;br&gt; From: BAYVIEW AVE&lt;br&gt; To: Clairtrell Road  ,"Replacement of the entire road pavement structure, including the asphalt and underlying support materials. Repair, improvement, or replacement of: road drainage, curbs, boulevards and sidewalks. Work may include the closure of individual lanes or the entire road.  Also, includes the replacement of the City-owned portion of substandard water service connections. The property owner is encouraged to replace the private portion of the substandard water service connection, as well.",2025 - 2027,Active,1 - Projects with approved or allocated funding in the Capital Works Program.,Transportation Services,"Brian Nolan, Engineering and Construction Services",bnolan3@toronto.ca,https://www.toronto.ca/services-payments/streets-parking-transportation/road-maintenance/road-sidewalk-repair/,TS_Road_Reconstruction,12,2025,EXTERNAL,"{""type"": ""LineString"", ""coordinates"": [[-79.3900394839206, 43.7661347864044], [-79.388907478446, 43.7663738161413], [-79.3884435131222, 43.7664865630412], [-79.3881795404021, 43.7665531388294], [-79.3880562118249, 43.7665892748458]]}"
313,22082,TS2023-15-290,2024-03-14,Local Road Reconstruction,[E] WANLESS CRES [BRANCH]&lt;br&gt; From: BUCKINGHAM AVE&lt;br&gt; To: LAWRENCE AVE E ,"Replacement of the entire road pavement structure, including the asphalt and underlying support materials. Repair, improvement, or replacement of: road drainage, curbs, boulevards and sidewalks. Work may include the closure of individual lanes or the entire road.  Also, includes the replacement of the City-owned portion of substandard water service connections. The property owner is encouraged to replace the private portion of the substandard water service connection, as well. Also, includes the replacement of the City-owned portion of substandard water service connections. The property owner is encouraged to replace the private portion of the substandard water service connection, as well.",Q4 2027 - Q1 2030,Active,1 - Projects with approved or allocated funding in the Capital Works Program.,Transportation Services,"Harry Persaud, Engineering and Construction Services",hpersau3@toronto.ca,https://www.toronto.ca/services-payments/streets-parking-transportation/road-maintenance/road-sidewalk-repair/,TS_Road_Reconstruction,12,2027,EXTERNAL,"{""type"": ""LineString"", ""coordinates"": [[-79.3898692280134, 43.7268063967709], [-79.3898606757624, 43.7268139450712], [-79.3898435058525, 43.7268295096713], [-79.389826323171, 43.7268445881895], [-79.3898086797449, 43.7268611514654], [-79.3897915144474, 43.7268809556458], [-79.3897766920917, 43.7269023823061], [-79.3897282049896, 43.7269651002821], [-79.3896618767372, 43.7270370371875], [-79.3896140512742, 43.7271110883124], [-79.3895651208084, 43.7272061832458], [-79.3895301386397, 43.7273029577674], [-79.3895110684864, 43.7273865509427], [-79.3895042047883, 43.7274950632417], [-79.3895074426673, 43.7275844837754], [-79.3895222931819, 43.7276701179098], [-79.3895314578623, 43.7277907163564]]}"
314,22089, ,2026-04-21,Laneway Reconstruction,[42.70 m E] SPADINA AVE&lt;br&gt; From: D&apos;ARCY ST&lt;br&gt; To: BALDWIN ST ,"Replacement of the entire laneway pavement structure, including the asphalt, concrete and underlying support materials. Repair, improvement, or replacement of laneway drainage, curbs, and associated areas. Work may include the closure of individual lanes or the entire laneway. Also, includes the replacement of the City-owned portion of substandard water service connections. The property owner is encouraged to replace the private portion of the substandard water service connection, as well.",Q2 2026 - Q4 2026,Active,1 - Projects with approved or allocated funding in the Capital Works Program.,Transportation Services,"Niloufar Mohajerani, Engineering and Construction Services",nmohaje@toronto.ca,https://www.toronto.ca/services-payments/streets-parking-transportation/road-maintenance/road-sidewalk-repair/,TS_Road_Reconstruction,12,2026,EXTERNAL,"{""type"": ""LineString"", ""coordinates"": [[-79.3976430744263, 43.654075299388], [-79.397842054292, 43.6545627611997], [-79.3980490810434, 43.655069908559]]}"
315,22090, ,2024-10-03,Local Road Rehabilitation,MONOGRAM PL&lt;br&gt; From: ISLINGTON AVE&lt;br&gt; To: [149 m W] ISLINGTON AVE ,"Replacement of partial road pavement structure or entire road pavement structure for either partial lane width, full lane width or full road width. This could include the asphalt and underlying support materials. Repair, improvement or replacement of road drainage, damaged sidewalk, boulevards and curbs. Work may include the closure of individual lanes or the entire road.",Q3 2026 - Q4 2026,Active,,Transportation Services,"Christy Manoharan, Engineering and Construction Services",cmanoha@toronto.ca,https://www.toronto.ca/services-payments/streets-parking-transportation/road-maintenance/road-sidewalk-repair/,TS_Road_Reconstruction,12,2026,EXTERNAL,"{""type"": ""LineString"", ""coordinates"": [[-79.5504401887582, 43.7051093412847], [-79.5506397989713, 43.7050555343207], [-79.5508200971026, 43.7049970549325], [-79.5509842798765, 43.7049432352074], [-79.5511516757264, 43.7048730764941], [-79.5513576867354, 43.7047725397907], [-79.5516055295401, 43.7046182714259], [-79.551679571599, 43.7045925357325], [-79.5521526839498, 43.704483706961]]}"
316,22103,TS2023-19-335,2025-07-18,Local Road Rehabilitation,HAZEL AVE&lt;br&gt; From: BALSAM AVE&lt;br&gt; To: FERNWOOD PARK AVE ,"Replacement of partial road pavement structure or entire road pavement structure for either partial lane width, full lane width or full road width. This could include the asphalt and underlying support materials. Repair, improvement or replacement of road drainage, damaged sidewalk, boulevards and curbs. Work may include the closure of individual lanes or the entire road.",Q3 2026 - Q4 2026,Active,,Transportation Services,"Tony Rodrigues, Engineering and Construction Services",trodrig@toronto.ca,https://www.toronto.ca/services-payments/streets-parking-transportation/road-maintenance/road-sidewalk-repair/,TS_Road_Reconstruction,12,2026,EXTERNAL,"{""type"": ""LineString"", ""coordinates"": [[-79.2896188758716, 43.6714184253583], [-79.2891267694922, 43.6715303358226], [-79.2890593131808, 43.6715463786438], [-79.2889869514439, 43.6715467311621], [-79.2889265159845, 43.6715480507959], [-79.2888219319829, 43.671542321821], [-79.2887122376462, 43.6715401118242], [-79.2886268209277, 43.6715289632942], [-79.2885766161282, 43.6715232437212], [-79.2884618650676, 43.6714813993987]]}"
317,22130, ,2022-07-22,Laneway Reconstruction,[116.70 m W] RONCESVALLES AVE&lt;br&gt; From: GEOFFREY ST&lt;br&gt; To: GRENADIER RD ,"Replacement of the entire laneway pavement structure, including the asphalt, concrete and underlying support materials. Repair, improvement, or replacement of laneway drainage, curbs, and associated areas. Work may include the closure of individual lanes or the entire laneway. Also, includes the replacement of the City-owned portion of substandard water service connections. The property owner is encouraged to replace the private portion of the substandard water service connection, as well.",Q3 2025 - Q4 2026 (Carry-Over),Active,1 - Projects with approved or allocated funding in the Capital Works Program.,Transportation Services,"Marfique Ahmed, Engineering and Construction Services",mahmed2@toronto.ca,https://www.toronto.ca/services-payments/streets-parking-transportation/road-maintenance/road-sidewalk-repair/,TS_Road_Reconstruction,12,2025,EXTERNAL,"{""type"": ""LineString"", ""coordinates"": [[-79.4514451805993, 43.6476871556254], [-79.4515951399121, 43.6480977804842], [-79.4517427017002, 43.6485017971034]]}"
318,22140, ,2025-02-25,Major Road Rehabilitation,DUPONT ST&lt;br&gt; From: [21.30 m E] SPADINA RD (TO)&lt;br&gt; To: SPADINA RD (TO) ,"Replacement of partial road pavement structure or entire road pavement structure for either partial lane width, full lane width or full road width. This could include the asphalt and underlying support materials. Repair, improvement or replacement of road drainage, damaged sidewalk, boulevards and curbs. Work may include the closure of individual lanes or the entire road.",Q4 2026 - Q3 2027,Active,,Transportation Services,"Shahid Virk, Engineering and Construction Services",svirk@toronto.ca,https://www.toronto.ca/services-payments/streets-parking-transportation/road-maintenance/road-sidewalk-repair/,TS_Road_Reconstruction,12,2026,EXTERNAL,"{""type"": ""LineString"", ""coordinates"": [[-79.4068632086908, 43.6749142174177], [-79.4071227701378, 43.6748573134163]]}"
319,22158, ,2023-03-24,Major Road Reconstruction,BLOOR ST W&lt;br&gt; From: DEVONSHIRE PL&lt;br&gt; To: ST GEORGE ST (TO) ,"Replacement of the entire road pavement structure, including the asphalt and underlying support materials. Repair, improvement, or replacement of: road drainage, curbs, boulevards and sidewalks. Work may include the closure of individual lanes or the entire road.  Also, includes the replacement of the City-owned portion of substandard water service connections. The property owner is encouraged to replace the private portion of the substandard water service connection, as well. Also, includes the replacement of the City-owned portion of substandard water service connections. The property owner is encouraged to replace the private portion of the substandard water service connection, as well.",Q3 2023 - Q2 2025 (Carry-Over),Active,1 - Projects with approved or allocated funding in the Capital Works Program.,Transportation Services,"Ahmed Bhabha, Engineering and Construction Services",abhabha@toronto.ca,https://www.toronto.ca/services-payments/streets-parking-transportation/road-maintenance/road-sidewalk-repair/,TS_Road_Reconstruction,12,2023,EXTERNAL,"{""type"": ""LineString"", ""coordinates"": [[-79.3983645805034, 43.667831627684], [-79.3998364722679, 43.6675168783568]]}"
320,22159, ,2023-03-24,Major Road Reconstruction,BLOOR ST W&lt;br&gt; From: HURON ST&lt;br&gt; To: MADISON AVE ,"Replacement of the entire road pavement structure, including the asphalt and underlying support materials. Repair, improvement, or replacement of: road drainage, curbs, boulevards and sidewalks. Work may include the closure of individual lanes or the entire road.  Also, includes the replacement of the City-owned portion of substandard water service connections. The property owner is encouraged to replace the private portion of the substandard water service connection, as well. Also, includes the replacement of the City-owned portion of substandard water service connections. The property owner is encouraged to replace the private portion of the substandard water service connection, as well.",Q3 2023 - Q2 2025 (Carry-Over),Active,1 - Projects with approved or allocated funding in the Capital Works Program.,Transportation Services,"Ahmed Bhabha, Engineering and Construction Services",abhabha@toronto.ca,https://www.toronto.ca/services-payments/streets-parking-transportation/road-maintenance/road-sidewalk-repair/,TS_Road_Reconstruction,12,2023,EXTERNAL,"{""type"": ""LineString"", ""coordinates"": [[-79.4015389542218, 43.6671618641117], [-79.4027071807526, 43.6669054451141]]}"
321,22238, ,2025-09-10,Local Road Rehabilitation,WINONA DR&lt;br&gt; From: CLOVELLY AVE&lt;br&gt; To: [W] GLOUCESTER GRV [BRANCH] ,"Replacement of partial road pavement structure or entire road pavement structure for either partial lane width, full lane width or full road width. This could include the asphalt and underlying support materials. Repair, improvement or replacement of road drainage, damaged sidewalk, boulevards and curbs. Work may include the closure of individual lanes or the entire road.",Q3 2025 - Q4 2025,Active,,Transportation Services,"Cherry Chen, Engineering and Construction Services",cchen9@toronto.ca,https://www.toronto.ca/services-payments/streets-parking-transportation/road-maintenance/road-sidewalk-repair/,TS_Road_Reconstruction,12,2025,EXTERNAL,"{""type"": ""LineString"", ""coordinates"": [[-79.4380315034335, 43.6956078171111], [-79.4383663285969, 43.696450021006]]}"
322,22250, ,2025-09-10,Local Road Rehabilitation,WINONA DR&lt;br&gt; From: [W] GLOUCESTER GRV [BRANCH]&lt;br&gt; To: [E] GLOUCESTER GRV [BRANCH] ,"Replacement of partial road pavement structure or entire road pavement structure for either partial lane width, full lane width or full road width. This could include the asphalt and underlying support materials. Repair, improvement or replacement of road drainage, damaged sidewalk, boulevards and curbs. Work may include the closure of individual lanes or the entire road.",Q3 2025 - Q4 2025,Active,,Transportation Services,"Cherry Chen, Engineering and Construction Services",cchen9@toronto.ca,https://www.toronto.ca/services-payments/streets-parking-transportation/road-maintenance/road-sidewalk-repair/,TS_Road_Reconstruction,12,2025,EXTERNAL,"{""type"": ""LineString"", ""coordinates"": [[-79.4383663285969, 43.696450021006], [-79.4384007794188, 43.6965537587194]]}"
323,22256,1,2024-03-14,Local Road Reconstruction,DAWLISH AVE&lt;br&gt; From: FIDELIA AVE&lt;br&gt; To: DANESWOOD RD ,"Replacement of the entire road pavement structure, including the asphalt and underlying support materials. Repair, improvement, or replacement of: road drainage, curbs, boulevards and sidewalks. Work may include the closure of individual lanes or the entire road.  Also, includes the replacement of the City-owned portion of substandard water service connections. The property owner is encouraged to replace the private portion of the substandard water service connection, as well. Also, includes the replacement of the City-owned portion of substandard water service connections. The property owner is encouraged to replace the private portion of the substandard water service connection, as well.",Q4 2027 - Q1 2030,Active,1 - Projects with approved or allocated funding in the Capital Works Program.,Transportation Services,"Harry Persaud, Engineering and Construction Services",hpersau3@toronto.ca,https://www.toronto.ca/services-payments/streets-parking-transportation/road-maintenance/road-sidewalk-repair/,TS_Road_Reconstruction,12,2027,EXTERNAL,"{""type"": ""LineString"", ""coordinates"": [[-79.3873757562745, 43.7229736520902], [-79.3870839377461, 43.7230690240233], [-79.386596054027, 43.7231698176319], [-79.3846013974838, 43.7235922398659], [-79.3819177709487, 43.7241363723062]]}"
324,22264, ,2025-10-14,Local Road Rehabilitation,CARLTON ST&lt;br&gt; From: RAWLINGS AVE&lt;br&gt; To: SUMACH ST ,"Replacement of partial road pavement structure or entire road pavement structure for either partial lane width, full lane width or full road width. This could include the asphalt and underlying support materials. Repair, improvement or replacement of road drainage, damaged sidewalk, boulevards and curbs. Work may include the closure of individual lanes or the entire road.",Q1 2025 - Q3 2025,Active,,Transportation Services,"Jessica Orjuela, Engineering and Construction Services",jorjuel@toronto.ca,https://www.toronto.ca/services-payments/streets-parking-transportation/road-maintenance/road-sidewalk-repair/,TS_Road_Reconstruction,12,2025,EXTERNAL,"{""type"": ""LineString"", ""coordinates"": [[-79.3632393117332, 43.6655390894353], [-79.3625174394227, 43.6656921436714]]}"
325,22339,TS2023-24-430,2025-10-14,Major Road Reconstruction,SCARBOROUGH GOLF CLUB RD&lt;br&gt; From: BRIMORTON DR&lt;br&gt; To: ELLESMERE RD ,"Replacement of the entire road pavement structure, including the asphalt and underlying support materials. Repair, improvement, or replacement of: road drainage, curbs, boulevards and sidewalks. Work may include the closure of individual lanes or the entire road.  Also, includes the replacement of the City-owned portion of substandard water service connections. The property owner is encouraged to replace the private portion of the substandard water service connection, as well. Also, includes the replacement of the City-owned portion of substandard water service connections. The property owner is encouraged to replace the private portion of the substandard water service connection, as well.",Q1 2025 - Q3 2026,Active,1 - Projects with approved or allocated funding in the Capital Works Program.,Transportation Services,"Mehrshad Rahimi, Engineering and Construction Services",mrahimi@toronto.ca,https://www.toronto.ca/services-payments/streets-parking-transportation/road-maintenance/road-sidewalk-repair/,TS_Road_Reconstruction,12,2025,EXTERNAL,"{""type"": ""LineString"", ""coordinates"": [[-79.2186842206825, 43.7698112450039], [-79.2194785899252, 43.7717858741016], [-79.2200726388182, 43.7732636671943], [-79.2206551372909, 43.7747141361767], [-79.221052804192, 43.7756809894112], [-79.2214293864883, 43.776605839821], [-79.2214704733675, 43.7766988877025], [-79.2222172113688, 43.7785568936056]]}"
